system:index,Date,Name,precip,.geo
0_0_0,01_01_2000,Kaffrine,0.3568320917902673,
0_0_1,02_01_2000,Kaffrine,0.0739760245880607,
0_0_2,03_01_2000,Kaffrine,0.0,
0_0_3,04_01_2000,Kaffrine,0.05962749099905271,
0_0_4,05_01_2000,Kaffrine,0.11066543943060986,
0_0_5,06_01_2000,Kaffrine,48.26914778208411,
0_0_6,07_01_2000,Kaffrine,153.36173309137567,
0_0_7,08_01_2000,Kaffrine,155.76060166737633,
0_0_8,09_01_2000,Kaffrine,158.07518195746545,
0_0_9,10_01_2000,Kaffrine,69.386571034791,
0_0_10,11_01_2000,Kaffrine,0.907432525494356,
0_0_11,12_01_2000,Kaffrine,0.7965385071302293,
0_1_0,01_01_2001,Kaffrine,0.38317722861719383,
0_1_1,02_01_2001,Kaffrine,0.2088572472685742,
0_1_2,03_01_2001,Kaffrine,0.0017066011085434462,
0_1_3,04_01_2001,Kaffrine,0.0,
0_1_4,05_01_2001,Kaffrine,0.01584527808222669,
0_1_5,06_01_2001,Kaffrine,93.80507930574123,
0_1_6,07_01_2001,Kaffrine,138.3488978312809,
0_1_7,08_01_2001,Kaffrine,144.5859035553609,
0_1_8,09_01_2001,Kaffrine,139.96288989072198,
0_1_9,10_01_2001,Kaffrine,28.82185138692807,
0_1_10,11_01_2001,Kaffrine,1.3494016077337991,
0_1_11,12_01_2001,Kaffrine,1.0244391924798395,
0_2_0,01_01_2002,Kaffrine,0.7102470723300376,
0_2_1,02_01_2002,Kaffrine,0.21732422478161528,
0_2_2,03_01_2002,Kaffrine,8.174866621242242E-4,
0_2_3,04_01_2002,Kaffrine,0.03689599936040508,
0_2_4,05_01_2002,Kaffrine,1.6832298538917335E-4,
0_2_5,06_01_2002,Kaffrine,51.05251703078845,
0_2_6,07_01_2002,Kaffrine,119.06719188161023,
0_2_7,08_01_2002,Kaffrine,161.19253309070947,
0_2_8,09_01_2002,Kaffrine,116.76537452675561,
0_2_9,10_01_2002,Kaffrine,83.45234661463779,
0_2_10,11_01_2002,Kaffrine,0.5997789547718209,
0_2_11,12_01_2002,Kaffrine,1.0508061014256012,
0_3_0,01_01_2003,Kaffrine,0.39622725489953237,
0_3_1,02_01_2003,Kaffrine,0.06955290160083351,
0_3_2,03_01_2003,Kaffrine,0.0023438950595487985,
0_3_3,04_01_2003,Kaffrine,0.06636206266391728,
0_3_4,05_01_2003,Kaffrine,0.8804886001997506,
0_3_5,06_01_2003,Kaffrine,58.37158168794956,
0_3_6,07_01_2003,Kaffrine,156.43085547259787,
0_3_7,08_01_2003,Kaffrine,150.54236823092407,
0_3_8,09_01_2003,Kaffrine,178.20489747552475,
0_3_9,10_01_2003,Kaffrine,36.46784751021501,
0_3_10,11_01_2003,Kaffrine,0.2951347715811598,
0_3_11,12_01_2003,Kaffrine,0.8277216488081831,
0_4_0,01_01_2004,Kaffrine,0.5676412062888141,
0_4_1,02_01_2004,Kaffrine,0.09410624729491529,
0_4_2,03_01_2004,Kaffrine,1.9827229179206874E-4,
0_4_3,04_01_2004,Kaffrine,0.10191912786643607,
0_4_4,05_01_2004,Kaffrine,1.587935433562161,
0_4_5,06_01_2004,Kaffrine,71.16190967134443,
0_4_6,07_01_2004,Kaffrine,197.63030424389999,
0_4_7,08_01_2004,Kaffrine,164.89911534360135,
0_4_8,09_01_2004,Kaffrine,132.9012213704622,
0_4_9,10_01_2004,Kaffrine,34.53430007153842,
0_4_10,11_01_2004,Kaffrine,0.6965695323824901,
0_4_11,12_01_2004,Kaffrine,0.6249498430978931,
0_5_0,01_01_2005,Kaffrine,0.46019815266704517,
0_5_1,02_01_2005,Kaffrine,0.18741323332515117,
0_5_2,03_01_2005,Kaffrine,0.0,
0_5_3,04_01_2005,Kaffrine,0.1119794395206223,
0_5_4,05_01_2005,Kaffrine,1.7923489424000607,
0_5_5,06_01_2005,Kaffrine,67.57761782235069,
0_5_6,07_01_2005,Kaffrine,200.44724444508282,
0_5_7,08_01_2005,Kaffrine,188.9453750214836,
0_5_8,09_01_2005,Kaffrine,161.9142967710468,
0_5_9,10_01_2005,Kaffrine,59.5141951329485,
0_5_10,11_01_2005,Kaffrine,0.05445056570791996,
0_5_11,12_01_2005,Kaffrine,0.7429414561718405,
0_6_0,01_01_2006,Kaffrine,0.40445447480319824,
0_6_1,02_01_2006,Kaffrine,0.1594771462134949,
0_6_2,03_01_2006,Kaffrine,6.838464520277234E-5,
0_6_3,04_01_2006,Kaffrine,2.9289526312774956E-4,
0_6_4,05_01_2006,Kaffrine,0.08340585618875036,
0_6_5,06_01_2006,Kaffrine,70.2156486508981,
0_6_6,07_01_2006,Kaffrine,133.85707293326482,
0_6_7,08_01_2006,Kaffrine,158.74703153191152,
0_6_8,09_01_2006,Kaffrine,149.66427721958206,
0_6_9,10_01_2006,Kaffrine,39.466590665034076,
0_6_10,11_01_2006,Kaffrine,0.002815501001926451,
0_6_11,12_01_2006,Kaffrine,0.7159036760219711,
0_7_0,01_01_2007,Kaffrine,0.32764143482808816,
0_7_1,02_01_2007,Kaffrine,0.12915500712682143,
0_7_2,03_01_2007,Kaffrine,0.003498886640036082,
0_7_3,04_01_2007,Kaffrine,0.025539993385290508,
0_7_4,05_01_2007,Kaffrine,1.7414088469949984,
0_7_5,06_01_2007,Kaffrine,38.673849928637274,
0_7_6,07_01_2007,Kaffrine,125.61865262453789,
0_7_7,08_01_2007,Kaffrine,159.22679802831502,
0_7_8,09_01_2007,Kaffrine,145.7478099883693,
0_7_9,10_01_2007,Kaffrine,16.544636970446415,
0_7_10,11_01_2007,Kaffrine,0.13422846415267087,
0_7_11,12_01_2007,Kaffrine,0.3875860842577099,
0_8_0,01_01_2008,Kaffrine,0.3615873992523078,
0_8_1,02_01_2008,Kaffrine,0.08270015540738161,
0_8_2,03_01_2008,Kaffrine,0.0,
0_8_3,04_01_2008,Kaffrine,0.0,
0_8_4,05_01_2008,Kaffrine,2.970653452967908,
0_8_5,06_01_2008,Kaffrine,60.71810019149912,
0_8_6,07_01_2008,Kaffrine,171.66031710612558,
0_8_7,08_01_2008,Kaffrine,180.12268501851662,
0_8_8,09_01_2008,Kaffrine,158.58937259994192,
0_8_9,10_01_2008,Kaffrine,39.03168223863866,
0_8_10,11_01_2008,Kaffrine,0.018765343707959344,
0_8_11,12_01_2008,Kaffrine,0.27823830443107345,
0_9_0,01_01_2009,Kaffrine,0.5591843298217578,
0_9_1,02_01_2009,Kaffrine,0.0021511039793549506,
0_9_2,03_01_2009,Kaffrine,4.6309356425182867E-4,
0_9_3,04_01_2009,Kaffrine,2.2933921397500715E-4,
0_9_4,05_01_2009,Kaffrine,5.009217099614014E-4,
0_9_5,06_01_2009,Kaffrine,49.1002907818347,
0_9_6,07_01_2009,Kaffrine,150.0782481536779,
0_9_7,08_01_2009,Kaffrine,210.0852236976916,
0_9_8,09_01_2009,Kaffrine,178.13985213668195,
0_9_9,10_01_2009,Kaffrine,18.891842231150658,
0_9_10,11_01_2009,Kaffrine,1.1119849928811034,
0_9_11,12_01_2009,Kaffrine,1.1142128059337613,
0_10_0,01_01_2010,Kaffrine,0.5945319201857405,
0_10_1,02_01_2010,Kaffrine,0.09998205011048941,
0_10_2,03_01_2010,Kaffrine,2.9070777640546174E-6,
0_10_3,04_01_2010,Kaffrine,0.0068518251033058775,
0_10_4,05_01_2010,Kaffrine,0.7306052779548359,
0_10_5,06_01_2010,Kaffrine,66.11353347880053,
0_10_6,07_01_2010,Kaffrine,136.9666480376942,
0_10_7,08_01_2010,Kaffrine,148.28974032532213,
0_10_8,09_01_2010,Kaffrine,224.4347358264523,
0_10_9,10_01_2010,Kaffrine,33.25475638628211,
0_10_10,11_01_2010,Kaffrine,0.16149476309432595,
0_10_11,12_01_2010,Kaffrine,0.8845292513539099,
0_11_0,01_01_2011,Kaffrine,0.3701234324937305,
0_11_1,02_01_2011,Kaffrine,0.08084488960199061,
0_11_2,03_01_2011,Kaffrine,2.503588112197061E-7,
0_11_3,04_01_2011,Kaffrine,0.003944547553268501,
0_11_4,05_01_2011,Kaffrine,3.5673304261187456E-4,
0_11_5,06_01_2011,Kaffrine,36.84905886030395,
0_11_6,07_01_2011,Kaffrine,75.14073452194306,
0_11_7,08_01_2011,Kaffrine,185.06631986318274,
0_11_8,09_01_2011,Kaffrine,111.5668981463948,
0_11_9,10_01_2011,Kaffrine,27.956939009445186,
0_11_10,11_01_2011,Kaffrine,0.8975035123839918,
0_11_11,12_01_2011,Kaffrine,0.7998841406563099,
0_12_0,01_01_2012,Kaffrine,0.4384484337569679,
0_12_1,02_01_2012,Kaffrine,0.20927065735847922,
0_12_2,03_01_2012,Kaffrine,0.002052799741864973,
0_12_3,04_01_2012,Kaffrine,0.029600547753186063,
0_12_4,05_01_2012,Kaffrine,1.3093104253453889,
0_12_5,06_01_2012,Kaffrine,43.22370807078115,
0_12_6,07_01_2012,Kaffrine,150.68759183493515,
0_12_7,08_01_2012,Kaffrine,173.35496886404135,
0_12_8,09_01_2012,Kaffrine,170.30643068801342,
0_12_9,10_01_2012,Kaffrine,34.96250815175146,
0_12_10,11_01_2012,Kaffrine,0.5131891288595253,
0_12_11,12_01_2012,Kaffrine,0.8721801827653166,
0_13_0,01_01_2013,Kaffrine,0.6730119629522455,
0_13_1,02_01_2013,Kaffrine,0.10444479529855102,
0_13_2,03_01_2013,Kaffrine,0.0019099567379250576,
0_13_3,04_01_2013,Kaffrine,4.182574259435245E-4,
0_13_4,05_01_2013,Kaffrine,1.7689656912419551,
0_13_5,06_01_2013,Kaffrine,38.943034741812994,
0_13_6,07_01_2013,Kaffrine,87.75466546411485,
0_13_7,08_01_2013,Kaffrine,191.27048148170715,
0_13_8,09_01_2013,Kaffrine,133.14686638512654,
0_13_9,10_01_2013,Kaffrine,43.209289644764354,
0_13_10,11_01_2013,Kaffrine,0.619157018808653,
0_13_11,12_01_2013,Kaffrine,0.5193590242176342,
0_14_0,01_01_2014,Kaffrine,0.23330071321089974,
0_14_1,02_01_2014,Kaffrine,0.03904396228174192,
0_14_2,03_01_2014,Kaffrine,0.0017307824441092935,
0_14_3,04_01_2014,Kaffrine,0.0,
0_14_4,05_01_2014,Kaffrine,0.9595561026168303,
0_14_5,06_01_2014,Kaffrine,25.851838895726427,
0_14_6,07_01_2014,Kaffrine,68.58178879580711,
0_14_7,08_01_2014,Kaffrine,164.1316931448551,
0_14_8,09_01_2014,Kaffrine,99.84840903117328,
0_14_9,10_01_2014,Kaffrine,53.212448453727035,
0_14_10,11_01_2014,Kaffrine,0.2624381271181228,
0_14_11,12_01_2014,Kaffrine,0.8475132897906086,
0_15_0,01_01_2015,Kaffrine,0.7726211164024323,
0_15_1,02_01_2015,Kaffrine,0.018471818292197077,
0_15_2,03_01_2015,Kaffrine,9.022430791122783E-4,
0_15_3,04_01_2015,Kaffrine,0.030069017264220597,
0_15_4,05_01_2015,Kaffrine,0.2840442884781024,
0_15_5,06_01_2015,Kaffrine,10.842916230657448,
0_15_6,07_01_2015,Kaffrine,111.70972141483473,
0_15_7,08_01_2015,Kaffrine,183.38747802034268,
0_15_8,09_01_2015,Kaffrine,233.77820142550064,
0_15_9,10_01_2015,Kaffrine,53.71843979531194,
0_15_10,11_01_2015,Kaffrine,1.2473021184140651,
0_15_11,12_01_2015,Kaffrine,1.192423623791625,
0_16_0,01_01_2016,Kaffrine,0.7219647631223542,
0_16_1,02_01_2016,Kaffrine,0.20546315143904267,
0_16_2,03_01_2016,Kaffrine,0.00588825767464902,
0_16_3,04_01_2016,Kaffrine,0.01781269963397473,
0_16_4,05_01_2016,Kaffrine,0.6982989136014934,
0_16_5,06_01_2016,Kaffrine,24.65287679257274,
0_16_6,07_01_2016,Kaffrine,162.2604551090053,
0_16_7,08_01_2016,Kaffrine,126.67569639913842,
0_16_8,09_01_2016,Kaffrine,245.73508694903683,
0_16_9,10_01_2016,Kaffrine,13.914530449576025,
0_16_10,11_01_2016,Kaffrine,0.9807173923136208,
0_16_11,12_01_2016,Kaffrine,0.8751576359391527,
0_17_0,01_01_2017,Kaffrine,0.6547582587068232,
0_17_1,02_01_2017,Kaffrine,0.13863714891612178,
0_17_2,03_01_2017,Kaffrine,0.001036442581050932,
0_17_3,04_01_2017,Kaffrine,0.1344140577703331,
0_17_4,05_01_2017,Kaffrine,2.609846189629565,
0_17_5,06_01_2017,Kaffrine,88.49479753855493,
0_17_6,07_01_2017,Kaffrine,159.18445233055508,
0_17_7,08_01_2017,Kaffrine,242.0620967664952,
0_17_8,09_01_2017,Kaffrine,73.6251405012607,
0_17_9,10_01_2017,Kaffrine,35.34314453643859,
0_17_10,11_01_2017,Kaffrine,0.7931969371963065,
0_17_11,12_01_2017,Kaffrine,0.5416327973734875,
0_18_0,01_01_2018,Kaffrine,0.3935519052806567,
0_18_1,02_01_2018,Kaffrine,0.05447389662721075,
0_18_2,03_01_2018,Kaffrine,1.2281743575041476E-4,
0_18_3,04_01_2018,Kaffrine,0.0030461304319824656,
0_18_4,05_01_2018,Kaffrine,0.0,
0_18_5,06_01_2018,Kaffrine,31.8452046902939,
0_18_6,07_01_2018,Kaffrine,89.066675532856,
0_18_7,08_01_2018,Kaffrine,176.7954843969939,
0_18_8,09_01_2018,Kaffrine,191.6993783624316,
0_18_9,10_01_2018,Kaffrine,33.51900502226185,
0_18_10,11_01_2018,Kaffrine,0.9787552072855009,
0_18_11,12_01_2018,Kaffrine,0.676446606161033,
0_19_0,01_01_2019,Kaffrine,0.6226184873470805,
0_19_1,02_01_2019,Kaffrine,0.16830398353847256,
0_19_2,03_01_2019,Kaffrine,1.722394958346272E-4,
0_19_3,04_01_2019,Kaffrine,0.13477920838698298,
0_19_4,05_01_2019,Kaffrine,0.0,
0_19_5,06_01_2019,Kaffrine,36.862089822723455,
0_19_6,07_01_2019,Kaffrine,70.27767542326974,
0_19_7,08_01_2019,Kaffrine,187.30975597040532,
0_19_8,09_01_2019,Kaffrine,146.06996527702807,
0_19_9,10_01_2019,Kaffrine,49.9390050753624,
0_19_10,11_01_2019,Kaffrine,0.23262599853986937,
0_19_11,12_01_2019,Kaffrine,0.6803893074111148,
0_20_0,01_01_2020,Kaffrine,0.4558703132040211,
0_20_1,02_01_2020,Kaffrine,0.08510055269517126,
0_20_2,03_01_2020,Kaffrine,8.963448781645206E-5,
0_20_3,04_01_2020,Kaffrine,0.030405865543455195,
0_20_4,05_01_2020,Kaffrine,0.9656066883963849,
0_20_5,06_01_2020,Kaffrine,40.417915433217104,
0_20_6,07_01_2020,Kaffrine,215.15140625832478,
0_20_7,08_01_2020,Kaffrine,134.6977885815592,
0_20_8,09_01_2020,Kaffrine,262.08669094991336,
0_20_9,10_01_2020,Kaffrine,49.265963479980385,
0_20_10,11_01_2020,Kaffrine,0.21549584418876458,
0_20_11,12_01_2020,Kaffrine,0.7435515159995183,
1_0_0,01_01_2000,Kaolack,0.3982895914569529,
1_0_1,02_01_2000,Kaolack,0.029209770035592473,
1_0_2,03_01_2000,Kaolack,0.0,
1_0_3,04_01_2000,Kaolack,0.030112123557037376,
1_0_4,05_01_2000,Kaolack,0.07412905702916536,
1_0_5,06_01_2000,Kaolack,57.685700043824596,
1_0_6,07_01_2000,Kaolack,174.81712771232688,
1_0_7,08_01_2000,Kaolack,188.79799382127962,
1_0_8,09_01_2000,Kaolack,179.6561851499232,
1_0_9,10_01_2000,Kaolack,63.94429499612836,
1_0_10,11_01_2000,Kaolack,1.0730982212531872,
1_0_11,12_01_2000,Kaolack,0.9163541840812214,
1_1_0,01_01_2001,Kaolack,0.3608848169433867,
1_1_1,02_01_2001,Kaolack,0.05710615778102006,
1_1_2,03_01_2001,Kaolack,0.0022541456529314324,
1_1_3,04_01_2001,Kaolack,2.921287149719493E-6,
1_1_4,05_01_2001,Kaolack,0.0013213236802209008,
1_1_5,06_01_2001,Kaolack,73.03999782690785,
1_1_6,07_01_2001,Kaolack,169.39276329346424,
1_1_7,08_01_2001,Kaolack,197.6607978279315,
1_1_8,09_01_2001,Kaolack,142.16298903606358,
1_1_9,10_01_2001,Kaolack,35.04320999341713,
1_1_10,11_01_2001,Kaolack,2.0258666734686446,
1_1_11,12_01_2001,Kaolack,0.9771183111610438,
1_2_0,01_01_2002,Kaolack,0.7599138962231603,
1_2_1,02_01_2002,Kaolack,0.08151374261114072,
1_2_2,03_01_2002,Kaolack,6.044751901015063E-4,
1_2_3,04_01_2002,Kaolack,0.033252504945586354,
1_2_4,05_01_2002,Kaolack,0.0,
1_2_5,06_01_2002,Kaolack,46.071286734176,
1_2_6,07_01_2002,Kaolack,126.21811971629555,
1_2_7,08_01_2002,Kaolack,210.16877294266482,
1_2_8,09_01_2002,Kaolack,147.31822442933995,
1_2_9,10_01_2002,Kaolack,66.61660741487178,
1_2_10,11_01_2002,Kaolack,0.7936013191420701,
1_2_11,12_01_2002,Kaolack,1.0962520282338921,
1_3_0,01_01_2003,Kaolack,0.4008972633687527,
1_3_1,02_01_2003,Kaolack,0.036800242900179615,
1_3_2,03_01_2003,Kaolack,6.278039832241927E-4,
1_3_3,04_01_2003,Kaolack,0.012939763177506166,
1_3_4,05_01_2003,Kaolack,0.7599187667682892,
1_3_5,06_01_2003,Kaolack,51.0169282384,
1_3_6,07_01_2003,Kaolack,162.2241362090515,
1_3_7,08_01_2003,Kaolack,188.78037053242966,
1_3_8,09_01_2003,Kaolack,177.89016986671075,
1_3_9,10_01_2003,Kaolack,39.597032062344496,
1_3_10,11_01_2003,Kaolack,0.3885847046426423,
1_3_11,12_01_2003,Kaolack,0.9372362214132788,
1_4_0,01_01_2004,Kaolack,0.5416422972947662,
1_4_1,02_01_2004,Kaolack,0.027538146689442787,
1_4_2,03_01_2004,Kaolack,6.643737478570875E-6,
1_4_3,04_01_2004,Kaolack,0.0325527527977798,
1_4_4,05_01_2004,Kaolack,0.6779877465049174,
1_4_5,06_01_2004,Kaolack,57.18871835342815,
1_4_6,07_01_2004,Kaolack,175.93125145314764,
1_4_7,08_01_2004,Kaolack,209.7753512914426,
1_4_8,09_01_2004,Kaolack,157.0018256696198,
1_4_9,10_01_2004,Kaolack,24.582000880217333,
1_4_10,11_01_2004,Kaolack,1.0559901938004406,
1_4_11,12_01_2004,Kaolack,0.8528280458080365,
1_5_0,01_01_2005,Kaolack,0.5097459439824911,
1_5_1,02_01_2005,Kaolack,0.03725529841593817,
1_5_2,03_01_2005,Kaolack,0.0,
1_5_3,04_01_2005,Kaolack,0.05826841936066303,
1_5_4,05_01_2005,Kaolack,1.3239513652814874,
1_5_5,06_01_2005,Kaolack,61.67258970978014,
1_5_6,07_01_2005,Kaolack,211.52476386919307,
1_5_7,08_01_2005,Kaolack,238.87596776291193,
1_5_8,09_01_2005,Kaolack,172.68018166044195,
1_5_9,10_01_2005,Kaolack,77.15594338864057,
1_5_10,11_01_2005,Kaolack,0.24361960822319703,
1_5_11,12_01_2005,Kaolack,0.8734483154612379,
1_6_0,01_01_2006,Kaolack,0.24365089429149833,
1_6_1,02_01_2006,Kaolack,0.04640093857370807,
1_6_2,03_01_2006,Kaolack,2.7262087681684445E-4,
1_6_3,04_01_2006,Kaolack,0.0,
1_6_4,05_01_2006,Kaolack,0.00951407289549665,
1_6_5,06_01_2006,Kaolack,54.86254521099077,
1_6_6,07_01_2006,Kaolack,70.55707423428176,
1_6_7,08_01_2006,Kaolack,215.23761654750814,
1_6_8,09_01_2006,Kaolack,181.56721414832074,
1_6_9,10_01_2006,Kaolack,39.79577735745748,
1_6_10,11_01_2006,Kaolack,0.0628023097631583,
1_6_11,12_01_2006,Kaolack,0.8262690228101192,
1_7_0,01_01_2007,Kaolack,0.4188111461199748,
1_7_1,02_01_2007,Kaolack,0.05565714664138415,
1_7_2,03_01_2007,Kaolack,0.00328728691373743,
1_7_3,04_01_2007,Kaolack,0.007789238134673282,
1_7_4,05_01_2007,Kaolack,0.38697789687121376,
1_7_5,06_01_2007,Kaolack,28.985496032803972,
1_7_6,07_01_2007,Kaolack,108.7518287766215,
1_7_7,08_01_2007,Kaolack,159.25164558291814,
1_7_8,09_01_2007,Kaolack,196.71228618096976,
1_7_9,10_01_2007,Kaolack,11.864915045493486,
1_7_10,11_01_2007,Kaolack,0.46599629858808256,
1_7_11,12_01_2007,Kaolack,0.6983797917330758,
1_8_0,01_01_2008,Kaolack,0.41840396431134247,
1_8_1,02_01_2008,Kaolack,0.025629438151553625,
1_8_2,03_01_2008,Kaolack,1.1999154658920835E-4,
1_8_3,04_01_2008,Kaolack,0.0,
1_8_4,05_01_2008,Kaolack,1.0717297507938954,
1_8_5,06_01_2008,Kaolack,88.66527069567441,
1_8_6,07_01_2008,Kaolack,207.83108781791603,
1_8_7,08_01_2008,Kaolack,237.32401059926673,
1_8_8,09_01_2008,Kaolack,157.85657968041352,
1_8_9,10_01_2008,Kaolack,37.271126012501874,
1_8_10,11_01_2008,Kaolack,0.04886633385717541,
1_8_11,12_01_2008,Kaolack,0.32806400203052766,
1_9_0,01_01_2009,Kaolack,0.6392903875713837,
1_9_1,02_01_2009,Kaolack,7.612748697832738E-4,
1_9_2,03_01_2009,Kaolack,1.451084248073388E-5,
1_9_3,04_01_2009,Kaolack,0.0,
1_9_4,05_01_2009,Kaolack,0.1108511658283737,
1_9_5,06_01_2009,Kaolack,45.96326877926675,
1_9_6,07_01_2009,Kaolack,185.0576725140402,
1_9_7,08_01_2009,Kaolack,326.0826993282597,
1_9_8,09_01_2009,Kaolack,186.42296371808953,
1_9_9,10_01_2009,Kaolack,16.74486512958808,
1_9_10,11_01_2009,Kaolack,1.2282931472559226,
1_9_11,12_01_2009,Kaolack,1.059044903525127,
1_10_0,01_01_2010,Kaolack,0.6354911927889845,
1_10_1,02_01_2010,Kaolack,0.03566405933484736,
1_10_2,03_01_2010,Kaolack,3.248839105034585E-8,
1_10_3,04_01_2010,Kaolack,0.007708475501609261,
1_10_4,05_01_2010,Kaolack,0.930559995978202,
1_10_5,06_01_2010,Kaolack,70.7015960666601,
1_10_6,07_01_2010,Kaolack,145.01705815848493,
1_10_7,08_01_2010,Kaolack,161.88586942413602,
1_10_8,09_01_2010,Kaolack,283.28339381330034,
1_10_9,10_01_2010,Kaolack,33.089195151842006,
1_10_10,11_01_2010,Kaolack,0.054333922528713954,
1_10_11,12_01_2010,Kaolack,0.9495921643958765,
1_11_0,01_01_2011,Kaolack,0.3586181307542314,
1_11_1,02_01_2011,Kaolack,0.023452054703381048,
1_11_2,03_01_2011,Kaolack,2.3196590553439822E-5,
1_11_3,04_01_2011,Kaolack,0.022145150276104496,
1_11_4,05_01_2011,Kaolack,0.003438511527240698,
1_11_5,06_01_2011,Kaolack,33.126122737164,
1_11_6,07_01_2011,Kaolack,78.56630860569531,
1_11_7,08_01_2011,Kaolack,224.17560289494875,
1_11_8,09_01_2011,Kaolack,119.52795132478148,
1_11_9,10_01_2011,Kaolack,27.871858488978038,
1_11_10,11_01_2011,Kaolack,1.1889263801814265,
1_11_11,12_01_2011,Kaolack,0.9226152444684632,
1_12_0,01_01_2012,Kaolack,0.3808894151562632,
1_12_1,02_01_2012,Kaolack,0.06533857481511855,
1_12_2,03_01_2012,Kaolack,4.171808056211541E-4,
1_12_3,04_01_2012,Kaolack,0.01274947953893481,
1_12_4,05_01_2012,Kaolack,0.04614448019508947,
1_12_5,06_01_2012,Kaolack,45.37507537342681,
1_12_6,07_01_2012,Kaolack,178.84926625149723,
1_12_7,08_01_2012,Kaolack,241.68712895377865,
1_12_8,09_01_2012,Kaolack,201.46077234845683,
1_12_9,10_01_2012,Kaolack,37.881059169934126,
1_12_10,11_01_2012,Kaolack,0.5898795866229495,
1_12_11,12_01_2012,Kaolack,0.9505944927086379,
1_13_0,01_01_2013,Kaolack,0.8070739572937743,
1_13_1,02_01_2013,Kaolack,0.029441829202753088,
1_13_2,03_01_2013,Kaolack,0.0015464361382640064,
1_13_3,04_01_2013,Kaolack,0.0,
1_13_4,05_01_2013,Kaolack,1.2470607103132123,
1_13_5,06_01_2013,Kaolack,29.74589888324184,
1_13_6,07_01_2013,Kaolack,77.75516311139944,
1_13_7,08_01_2013,Kaolack,264.2919022959496,
1_13_8,09_01_2013,Kaolack,110.4385516509147,
1_13_9,10_01_2013,Kaolack,45.00305653566367,
1_13_10,11_01_2013,Kaolack,0.674611976491212,
1_13_11,12_01_2013,Kaolack,0.7067101238121488,
1_14_0,01_01_2014,Kaolack,0.32763522678967777,
1_14_1,02_01_2014,Kaolack,0.016402373779517126,
1_14_2,03_01_2014,Kaolack,2.440081746649996E-4,
1_14_3,04_01_2014,Kaolack,0.0,
1_14_4,05_01_2014,Kaolack,0.6403271870970219,
1_14_5,06_01_2014,Kaolack,17.740914129672447,
1_14_6,07_01_2014,Kaolack,53.008087350898776,
1_14_7,08_01_2014,Kaolack,171.31420131554714,
1_14_8,09_01_2014,Kaolack,177.88074278374253,
1_14_9,10_01_2014,Kaolack,41.895408478754355,
1_14_10,11_01_2014,Kaolack,0.3189392962398413,
1_14_11,12_01_2014,Kaolack,0.9904145957192148,
1_15_0,01_01_2015,Kaolack,0.8667675769660373,
1_15_1,02_01_2015,Kaolack,0.0197638407680375,
1_15_2,03_01_2015,Kaolack,4.505947545974433E-4,
1_15_3,04_01_2015,Kaolack,0.01768432696916763,
1_15_4,05_01_2015,Kaolack,0.18736291943122474,
1_15_5,06_01_2015,Kaolack,7.819532981972962,
1_15_6,07_01_2015,Kaolack,138.6994410541011,
1_15_7,08_01_2015,Kaolack,230.31216082601873,
1_15_8,09_01_2015,Kaolack,263.3176149107753,
1_15_9,10_01_2015,Kaolack,56.41752434351984,
1_15_10,11_01_2015,Kaolack,1.353471473365233,
1_15_11,12_01_2015,Kaolack,1.317476203368179,
1_16_0,01_01_2016,Kaolack,0.740526457130095,
1_16_1,02_01_2016,Kaolack,0.06136840600016833,
1_16_2,03_01_2016,Kaolack,0.002050452008821177,
1_16_3,04_01_2016,Kaolack,0.007460420211489167,
1_16_4,05_01_2016,Kaolack,0.48304904719688246,
1_16_5,06_01_2016,Kaolack,15.539784531126237,
1_16_6,07_01_2016,Kaolack,167.46891097483473,
1_16_7,08_01_2016,Kaolack,141.7753785422039,
1_16_8,09_01_2016,Kaolack,247.471278682714,
1_16_9,10_01_2016,Kaolack,10.105385176774314,
1_16_10,11_01_2016,Kaolack,1.0101382240042194,
1_16_11,12_01_2016,Kaolack,0.984954231933551,
1_17_0,01_01_2017,Kaolack,0.7444952027273672,
1_17_1,02_01_2017,Kaolack,0.05746058029784678,
1_17_2,03_01_2017,Kaolack,3.130657233751567E-4,
1_17_3,04_01_2017,Kaolack,0.06762898339135334,
1_17_4,05_01_2017,Kaolack,0.92767518127558,
1_17_5,06_01_2017,Kaolack,55.5346628438232,
1_17_6,07_01_2017,Kaolack,225.63816501756997,
1_17_7,08_01_2017,Kaolack,265.4784105091547,
1_17_8,09_01_2017,Kaolack,77.11529918988084,
1_17_9,10_01_2017,Kaolack,21.87751773990651,
1_17_10,11_01_2017,Kaolack,0.39711422166187454,
1_17_11,12_01_2017,Kaolack,0.693473074277085,
1_18_0,01_01_2018,Kaolack,0.43688372464026654,
1_18_1,02_01_2018,Kaolack,0.04458119755911506,
1_18_2,03_01_2018,Kaolack,9.699167121674772E-5,
1_18_3,04_01_2018,Kaolack,0.0017465445720674148,
1_18_4,05_01_2018,Kaolack,0.0,
1_18_5,06_01_2018,Kaolack,25.28747705946712,
1_18_6,07_01_2018,Kaolack,74.29295673318049,
1_18_7,08_01_2018,Kaolack,238.66625693636112,
1_18_8,09_01_2018,Kaolack,196.2620914388476,
1_18_9,10_01_2018,Kaolack,22.854935605915315,
1_18_10,11_01_2018,Kaolack,0.980260335938926,
1_18_11,12_01_2018,Kaolack,0.7066513894026477,
1_19_0,01_01_2019,Kaolack,0.6583857620789562,
1_19_1,02_01_2019,Kaolack,0.055909574904750424,
1_19_2,03_01_2019,Kaolack,9.824839003193043E-5,
1_19_3,04_01_2019,Kaolack,0.0853875574704404,
1_19_4,05_01_2019,Kaolack,0.0,
1_19_5,06_01_2019,Kaolack,35.277038288225,
1_19_6,07_01_2019,Kaolack,79.6199456265793,
1_19_7,08_01_2019,Kaolack,232.87072135460366,
1_19_8,09_01_2019,Kaolack,172.85809818677123,
1_19_9,10_01_2019,Kaolack,37.613738288440196,
1_19_10,11_01_2019,Kaolack,0.4342467907056016,
1_19_11,12_01_2019,Kaolack,0.8967027086633741,
1_20_0,01_01_2020,Kaolack,0.5191987853520694,
1_20_1,02_01_2020,Kaolack,0.025689601119748332,
1_20_2,03_01_2020,Kaolack,1.9552003163955777E-5,
1_20_3,04_01_2020,Kaolack,0.016153305153515814,
1_20_4,05_01_2020,Kaolack,0.8569042664473197,
1_20_5,06_01_2020,Kaolack,36.38631636078004,
1_20_6,07_01_2020,Kaolack,240.6976718479959,
1_20_7,08_01_2020,Kaolack,161.8866049951923,
1_20_8,09_01_2020,Kaolack,271.24036005921164,
1_20_9,10_01_2020,Kaolack,43.23000116127044,
1_20_10,11_01_2020,Kaolack,0.7611681059685973,
1_20_11,12_01_2020,Kaolack,0.912608914808069,
2_0_0,01_01_2000,Fatick,0.2865542342004951,
2_0_1,02_01_2000,Fatick,0.06591502311503822,
2_0_2,03_01_2000,Fatick,0.0,
2_0_3,04_01_2000,Fatick,0.04046996113311271,
2_0_4,05_01_2000,Fatick,0.00577278741567778,
2_0_5,06_01_2000,Fatick,36.89674223427291,
2_0_6,07_01_2000,Fatick,145.26408479607107,
2_0_7,08_01_2000,Fatick,216.66122856682503,
2_0_8,09_01_2000,Fatick,189.51756718043214,
2_0_9,10_01_2000,Fatick,75.26227503948779,
2_0_10,11_01_2000,Fatick,0.9930716403502627,
2_0_11,12_01_2000,Fatick,0.8711708568899641,
2_1_0,01_01_2001,Fatick,0.25793266215173466,
2_1_1,02_01_2001,Fatick,0.16712871555571926,
2_1_2,03_01_2001,Fatick,0.00199731535918005,
2_1_3,04_01_2001,Fatick,0.0,
2_1_4,05_01_2001,Fatick,4.0525843917552627E-4,
2_1_5,06_01_2001,Fatick,48.72286065835466,
2_1_6,07_01_2001,Fatick,145.96530171983017,
2_1_7,08_01_2001,Fatick,198.87379196083592,
2_1_8,09_01_2001,Fatick,171.11420272634587,
2_1_9,10_01_2001,Fatick,34.44415599623703,
2_1_10,11_01_2001,Fatick,2.1682723211558286,
2_1_11,12_01_2001,Fatick,0.9368428876375358,
2_2_0,01_01_2002,Fatick,0.9072041287683359,
2_2_1,02_01_2002,Fatick,0.1931723722888923,
2_2_2,03_01_2002,Fatick,0.0012781182531782667,
2_2_3,04_01_2002,Fatick,0.0016116843399486302,
2_2_4,05_01_2002,Fatick,0.012807161721803515,
2_2_5,06_01_2002,Fatick,27.720144831746488,
2_2_6,07_01_2002,Fatick,125.8329137059036,
2_2_7,08_01_2002,Fatick,274.04155548356823,
2_2_8,09_01_2002,Fatick,161.47622466808988,
2_2_9,10_01_2002,Fatick,61.451977636363395,
2_2_10,11_01_2002,Fatick,0.8737335049818735,
2_2_11,12_01_2002,Fatick,1.0820977624606913,
2_3_0,01_01_2003,Fatick,0.48224042784947346,
2_3_1,02_01_2003,Fatick,0.0542834756832738,
2_3_2,03_01_2003,Fatick,0.006886706851465402,
2_3_3,04_01_2003,Fatick,0.021885562058643393,
2_3_4,05_01_2003,Fatick,0.7677766768222563,
2_3_5,06_01_2003,Fatick,30.892578447302196,
2_3_6,07_01_2003,Fatick,158.60268781382803,
2_3_7,08_01_2003,Fatick,189.70210892498247,
2_3_8,09_01_2003,Fatick,194.94291839325024,
2_3_9,10_01_2003,Fatick,41.86768034316107,
2_3_10,11_01_2003,Fatick,0.2834027189032752,
2_3_11,12_01_2003,Fatick,0.9172761257539727,
2_4_0,01_01_2004,Fatick,0.44487717038046715,
2_4_1,02_01_2004,Fatick,0.06911713373170478,
2_4_2,03_01_2004,Fatick,2.1170594092732385E-5,
2_4_3,04_01_2004,Fatick,0.0842560640405226,
2_4_4,05_01_2004,Fatick,0.6618421725834941,
2_4_5,06_01_2004,Fatick,41.37475203325564,
2_4_6,07_01_2004,Fatick,160.25047880183706,
2_4_7,08_01_2004,Fatick,190.76855548548104,
2_4_8,09_01_2004,Fatick,163.02302776017441,
2_4_9,10_01_2004,Fatick,17.27692728955249,
2_4_10,11_01_2004,Fatick,1.0226720293821416,
2_4_11,12_01_2004,Fatick,0.9135804106631462,
2_5_0,01_01_2005,Fatick,0.5941959917555409,
2_5_1,02_01_2005,Fatick,0.12091056597393629,
2_5_2,03_01_2005,Fatick,0.0,
2_5_3,04_01_2005,Fatick,0.08564625162381662,
2_5_4,05_01_2005,Fatick,0.8826854381661134,
2_5_5,06_01_2005,Fatick,47.59174526668881,
2_5_6,07_01_2005,Fatick,190.66426686473784,
2_5_7,08_01_2005,Fatick,262.91678075466547,
2_5_8,09_01_2005,Fatick,175.0454938658296,
2_5_9,10_01_2005,Fatick,69.16731695699242,
2_5_10,11_01_2005,Fatick,0.20442110563879715,
2_5_11,12_01_2005,Fatick,0.9131312678029314,
2_6_0,01_01_2006,Fatick,0.3542124801479331,
2_6_1,02_01_2006,Fatick,0.1490171405584629,
2_6_2,03_01_2006,Fatick,5.121703747449401E-4,
2_6_3,04_01_2006,Fatick,0.0,
2_6_4,05_01_2006,Fatick,0.0,
2_6_5,06_01_2006,Fatick,39.69867268484186,
2_6_6,07_01_2006,Fatick,77.74657403952355,
2_6_7,08_01_2006,Fatick,243.3080129576716,
2_6_8,09_01_2006,Fatick,185.24608501211972,
2_6_9,10_01_2006,Fatick,35.93494656991127,
2_6_10,11_01_2006,Fatick,0.033186003255269235,
2_6_11,12_01_2006,Fatick,0.8759496833641994,
2_7_0,01_01_2007,Fatick,0.5210300663741908,
2_7_1,02_01_2007,Fatick,0.134572668830302,
2_7_2,03_01_2007,Fatick,0.01269399247478868,
2_7_3,04_01_2007,Fatick,0.02556311192788741,
2_7_4,05_01_2007,Fatick,0.521607559455941,
2_7_5,06_01_2007,Fatick,20.834144656749228,
2_7_6,07_01_2007,Fatick,106.59032278084565,
2_7_7,08_01_2007,Fatick,172.2047425500023,
2_7_8,09_01_2007,Fatick,252.61742502202725,
2_7_9,10_01_2007,Fatick,10.088158773894513,
2_7_10,11_01_2007,Fatick,0.2603340271326254,
2_7_11,12_01_2007,Fatick,0.6154461370794685,
2_8_0,01_01_2008,Fatick,0.4871072226931353,
2_8_1,02_01_2008,Fatick,0.07454262937231684,
2_8_2,03_01_2008,Fatick,8.78798833771741E-5,
2_8_3,04_01_2008,Fatick,3.2602410744835307E-4,
2_8_4,05_01_2008,Fatick,0.038168680868267954,
2_8_5,06_01_2008,Fatick,79.93240744487878,
2_8_6,07_01_2008,Fatick,219.80441412853165,
2_8_7,08_01_2008,Fatick,252.0526147450876,
2_8_8,09_01_2008,Fatick,178.90439770804406,
2_8_9,10_01_2008,Fatick,35.42495569283644,
2_8_10,11_01_2008,Fatick,0.06856181547244926,
2_8_11,12_01_2008,Fatick,0.43992074766551476,
2_9_0,01_01_2009,Fatick,0.7840987093149956,
2_9_1,02_01_2009,Fatick,2.7573234175875747E-4,
2_9_2,03_01_2009,Fatick,0.0010148481788724059,
2_9_3,04_01_2009,Fatick,0.0,
2_9_4,05_01_2009,Fatick,0.009547198558567276,
2_9_5,06_01_2009,Fatick,31.57716789112535,
2_9_6,07_01_2009,Fatick,178.79737075784706,
2_9_7,08_01_2009,Fatick,350.31556664362864,
2_9_8,09_01_2009,Fatick,192.70848771927726,
2_9_9,10_01_2009,Fatick,17.160386685527694,
2_9_10,11_01_2009,Fatick,1.078627607128919,
2_9_11,12_01_2009,Fatick,0.9726774532175504,
2_10_0,01_01_2010,Fatick,0.607103860602223,
2_10_1,02_01_2010,Fatick,0.0951252534914533,
2_10_2,03_01_2010,Fatick,0.0,
2_10_3,04_01_2010,Fatick,0.019138966209468117,
2_10_4,05_01_2010,Fatick,0.7424850399029023,
2_10_5,06_01_2010,Fatick,58.30099075687556,
2_10_6,07_01_2010,Fatick,122.12635726042144,
2_10_7,08_01_2010,Fatick,177.097149605212,
2_10_8,09_01_2010,Fatick,350.65454093127136,
2_10_9,10_01_2010,Fatick,37.839556543941015,
2_10_10,11_01_2010,Fatick,0.04077030805745268,
2_10_11,12_01_2010,Fatick,0.9285128226378925,
2_11_0,01_01_2011,Fatick,0.6460414942377805,
2_11_1,02_01_2011,Fatick,0.054875214478571833,
2_11_2,03_01_2011,Fatick,0.0,
2_11_3,04_01_2011,Fatick,0.03531244960749766,
2_11_4,05_01_2011,Fatick,0.023195351168428413,
2_11_5,06_01_2011,Fatick,31.884989747918837,
2_11_6,07_01_2011,Fatick,80.01665350983886,
2_11_7,08_01_2011,Fatick,232.6859700153556,
2_11_8,09_01_2011,Fatick,140.1524656070265,
2_11_9,10_01_2011,Fatick,24.212203282107662,
2_11_10,11_01_2011,Fatick,1.184989817962901,
2_11_11,12_01_2011,Fatick,0.8906969680505847,
2_12_0,01_01_2012,Fatick,0.49577695972916574,
2_12_1,02_01_2012,Fatick,0.15531301495232813,
2_12_2,03_01_2012,Fatick,0.0030215528290315364,
2_12_3,04_01_2012,Fatick,0.03343748205429089,
2_12_4,05_01_2012,Fatick,0.017473225075686775,
2_12_5,06_01_2012,Fatick,33.13196638934938,
2_12_6,07_01_2012,Fatick,183.41088566711971,
2_12_7,08_01_2012,Fatick,288.3747620958622,
2_12_8,09_01_2012,Fatick,245.16535185145085,
2_12_9,10_01_2012,Fatick,40.81822940130049,
2_12_10,11_01_2012,Fatick,0.1711357564002534,
2_12_11,12_01_2012,Fatick,0.9310978888858787,
2_13_0,01_01_2013,Fatick,1.0095832505989122,
2_13_1,02_01_2013,Fatick,0.10534555740976348,
2_13_2,03_01_2013,Fatick,0.0025555412310467166,
2_13_3,04_01_2013,Fatick,2.009385625299531E-5,
2_13_4,05_01_2013,Fatick,0.5215827512392374,
2_13_5,06_01_2013,Fatick,23.803563426580187,
2_13_6,07_01_2013,Fatick,74.94520685893609,
2_13_7,08_01_2013,Fatick,290.9102186582687,
2_13_8,09_01_2013,Fatick,123.08391023513414,
2_13_9,10_01_2013,Fatick,45.84427339204144,
2_13_10,11_01_2013,Fatick,0.7639211242349208,
2_13_11,12_01_2013,Fatick,0.8444332814720414,
2_14_0,01_01_2014,Fatick,0.33979616567663007,
2_14_1,02_01_2014,Fatick,0.1044287625239832,
2_14_2,03_01_2014,Fatick,0.0032390293107407526,
2_14_3,04_01_2014,Fatick,0.0,
2_14_4,05_01_2014,Fatick,0.5434076436654033,
2_14_5,06_01_2014,Fatick,13.953575152796839,
2_14_6,07_01_2014,Fatick,42.83799134150251,
2_14_7,08_01_2014,Fatick,201.41925071484798,
2_14_8,09_01_2014,Fatick,203.62999203325717,
2_14_9,10_01_2014,Fatick,33.92489653429116,
2_14_10,11_01_2014,Fatick,0.2043952436168219,
2_14_11,12_01_2014,Fatick,0.9629474974517135,
2_15_0,01_01_2015,Fatick,1.0833599317594318,
2_15_1,02_01_2015,Fatick,0.12359517450241884,
2_15_2,03_01_2015,Fatick,0.002680225731708812,
2_15_3,04_01_2015,Fatick,0.040873524756031974,
2_15_4,05_01_2015,Fatick,0.1446682001768792,
2_15_5,06_01_2015,Fatick,8.183398359589368,
2_15_6,07_01_2015,Fatick,107.25858599729716,
2_15_7,08_01_2015,Fatick,253.03010486023965,
2_15_8,09_01_2015,Fatick,282.23101404365383,
2_15_9,10_01_2015,Fatick,49.83236662474216,
2_15_10,11_01_2015,Fatick,1.0511028311859723,
2_15_11,12_01_2015,Fatick,1.1443691916059924,
2_16_0,01_01_2016,Fatick,0.8087141512980675,
2_16_1,02_01_2016,Fatick,0.1741067040085978,
2_16_2,03_01_2016,Fatick,0.01631837061633233,
2_16_3,04_01_2016,Fatick,0.005236990680749842,
2_16_4,05_01_2016,Fatick,0.38822477364172003,
2_16_5,06_01_2016,Fatick,12.078942775438241,
2_16_6,07_01_2016,Fatick,160.2308899043965,
2_16_7,08_01_2016,Fatick,143.61751310023624,
2_16_8,09_01_2016,Fatick,257.3269908439171,
2_16_9,10_01_2016,Fatick,8.918689352989938,
2_16_10,11_01_2016,Fatick,0.963091203184654,
2_16_11,12_01_2016,Fatick,0.9638838459283733,
2_17_0,01_01_2017,Fatick,0.9155296206842345,
2_17_1,02_01_2017,Fatick,0.11177421507108554,
2_17_2,03_01_2017,Fatick,1.6161728273282388E-5,
2_17_3,04_01_2017,Fatick,0.05773224962587876,
2_17_4,05_01_2017,Fatick,0.5761633287955842,
2_17_5,06_01_2017,Fatick,44.796506644891565,
2_17_6,07_01_2017,Fatick,195.3303250510263,
2_17_7,08_01_2017,Fatick,255.64261533846664,
2_17_8,09_01_2017,Fatick,87.62136546919925,
2_17_9,10_01_2017,Fatick,15.895236959171614,
2_17_10,11_01_2017,Fatick,0.886266536282266,
2_17_11,12_01_2017,Fatick,0.6400383654276801,
2_18_0,01_01_2018,Fatick,0.2709681360205669,
2_18_1,02_01_2018,Fatick,0.0797440182516925,
2_18_2,03_01_2018,Fatick,0.0011203357348711432,
2_18_3,04_01_2018,Fatick,0.0,
2_18_4,05_01_2018,Fatick,0.0,
2_18_5,06_01_2018,Fatick,19.70256027931655,
2_18_6,07_01_2018,Fatick,54.902046794807326,
2_18_7,08_01_2018,Fatick,230.29361578864604,
2_18_8,09_01_2018,Fatick,176.0441272410232,
2_18_9,10_01_2018,Fatick,23.655678474089548,
2_18_10,11_01_2018,Fatick,0.9015613771571872,
2_18_11,12_01_2018,Fatick,0.7812884846809526,
2_19_0,01_01_2019,Fatick,0.7653498771145232,
2_19_1,02_01_2019,Fatick,0.12172925375066958,
2_19_2,03_01_2019,Fatick,2.584338751965477E-4,
2_19_3,04_01_2019,Fatick,0.08909451837406165,
2_19_4,05_01_2019,Fatick,0.0,
2_19_5,06_01_2019,Fatick,22.49667405230022,
2_19_6,07_01_2019,Fatick,59.17606831005373,
2_19_7,08_01_2019,Fatick,242.4426251753462,
2_19_8,09_01_2019,Fatick,166.38839150969255,
2_19_9,10_01_2019,Fatick,38.55814193485542,
2_19_10,11_01_2019,Fatick,0.4091352058886175,
2_19_11,12_01_2019,Fatick,0.7822268441259427,
2_20_0,01_01_2020,Fatick,0.599540853382135,
2_20_1,02_01_2020,Fatick,0.1187589953363404,
2_20_2,03_01_2020,Fatick,1.1190549056558732E-4,
2_20_3,04_01_2020,Fatick,0.0076714135278506965,
2_20_4,05_01_2020,Fatick,0.7640996008751697,
2_20_5,06_01_2020,Fatick,28.7667243048799,
2_20_6,07_01_2020,Fatick,226.56801821724108,
2_20_7,08_01_2020,Fatick,169.33667800569455,
2_20_8,09_01_2020,Fatick,284.73628594125637,
2_20_9,10_01_2020,Fatick,48.733567740497854,
2_20_10,11_01_2020,Fatick,0.17582761720700768,
2_20_11,12_01_2020,Fatick,0.8867903817271612,
