Unnamed: 0,Date,CFA Westfranc,CFA Centfranc,Maurouguiya,Gambiadalasi,Guineafranc,SLleone,Liberiadollar,Ghanaold cedi,Ghana.1new cedi,Nigerianaira,DRCfranc,Angolakwanza,Sudanold pound,Sudan.1dinar,Sudan.2new pound,Eritreanakfa,Djiboutifranc,Ethiopiabirr,Somalishilling,Somali.1shillingM,SomaliliandshillingH,Kenyashilling,Ugandashilling,Tanzaniashilling,Rwandafranc,Burundifranc,Zambiaold kwacha,Zambia.1new kwacha,Malawikwacha,Mozold met,Moz.1new met,Zimdollar,Botswanapula,Namibiadollar,SArand,Lesotholoti,Swazililangeni
0,02-Jan,739.98,745.0065,269.3215,17.4879,"1,967.69","1,975.00",1.0,"7,326.43",0.73264323,116.449,,31.4231,"2,578.50",256.0,,,169.9098,8.4434,"2,606.92","18,500",,78.5954,"1,732.25",923.9016,,852.4747,"3,881.74",,66.4709,"22,819.76",22.8198,55,6.6264,11.5919,11.6195,6.235,11.6171
1,02-Feb,739.98,755.5487,271.5154,17.8894,"1,978.78","1,975.00",1.0,"7,435.25",0.74352536,117.6725,,31.5684,"2,578.50",256.0,,,169.9471,8.4114,"2,606.94","20,050",,78.2568,"1,734.00",952.5888,,858.3086,"3,835.00",,70.4505,"22,800.00",22.8,55,6.7189999999999985,11.5043,11.4723,6.235,11.4464
2,02-Mar,741.1142,750.0631,274.0297,17.8462,"1,977.31","1,984.68",0.9992,"7,557.14",0.75571371,117.9248,,31.5684,"2,578.50",256.0,,,170.0094,8.4105,"2,606.82","21,600",,78.0635,"1,734.00",968.5529,,865.6253,"3,932.19",,73.3788,"22,824.52",22.8245,55,6.7198,11.5342,11.5024,7.0752,11.5989
3,02-Apr,739.367,743.6975,278.3412,18.3793,"1,975.10","2,034.02",0.9937,"7,783.42",0.77834167,116.8195,,31.5684,"2,578.50",256.0,,,169.9648,8.4082,"2,606.87","21,838",,78.2632,"1,734.00",978.3025,,866.2033,"4,168.68",,75.2655,"23,093.67",23.0937,55,6.5711,11.1018,11.0741,11.1427,11.1023
4,02-May,717.8816,717.4092,279.5731,18.531,"1,975.55","2,032.15",0.9863,"7,946.23",0.79462306,116.6995,,31.5684,"2,578.50",256.0,,,167.17,8.4603,"2,606.90","22,100","6,300",78.322,"1,734.00",977.5029,,856.6826,"4,204.60",,76.2682,"23,178.61",23.1786,55,6.2444,10.196,10.1658,10.2372,10.1809
5,02-Jun,684.3133,696.8758,278.6955,18.7803,"1,983.39","2,034.84",0.9877,"7,980.66",0.79806583,117.946,,31.5684,"2,578.50",256.0,,,164.9083,8.4404,"2,606.90","22,447",,78.6259,"1,734.00",961.8952,,857.3787,"4,495.93",,76.1123,"23,484.75",23.4848,55,6.1063,10.1482,10.1466,10.0952,10.0701
6,02-Jul,658.4187,669.1966,273.9816,18.725,"1,974.42","1,980.92",0.9885,"8,154.21",0.81542113,123.5453,,31.5684,"2,578.50",256.0,,,165.9181,8.3463,"2,607.19","22,870","6,250",78.8066,"1,734.00",946.6844,,853.7121,"4,568.87",,76.0597,"23,443.81",23.4438,55,6.0557,10.086,10.0885,10.139,10.1067
7,02-Aug,668.1387,674.3655,272.0145,19.747,"1,942.31","1,930.05",0.9844,"8,273.02",0.82730226,130.6944,,31.5684,"2,578.50",256.0,,,165.0763,8.355,"2,606.90","22,467","6,250",78.5755,"1,734.00",962.4356,,861.14,"4,499.64",,75.8746,"23,406.43",23.4064,55,6.2522,10.566,10.5565,10.5538,10.5547
8,02-Sep,665.4733,672.5445,272.9087,20.7815,"1,946.24","1,956.71",0.9893,"8,308.76",0.83087567,129.1407,,31.5684,"2,578.50",256.0,,,164.9275,8.448,"2,606.90","21,184","6,250",78.798,"1,734.00",972.1442,,994.0243,"4,499.63",,78.6905,"23,496.92",23.4969,55,6.2417,10.5747,10.5814,10.5907,10.5813
9,02-Oct,666.2658,674.2513,272.6166,22.7162,"1,971.08","1,984.95",0.985,"8,247.33",0.82473274,128.185,,31.5684,"2,578.50",256.0,,,165.5315,8.4876,"2,606.90","18,500","6,250",79.2831,"1,734.00",976.1853,,"1,030.37","4,563.98",,80.4805,"23,525.26",23.5253,55,6.1610000000000005,10.3312,10.3396,10.366,10.3616
10,02-Nov,652.5213,664.345,272.0572,22.8161,"1,971.16","1,891.47",0.9913,"8,263.19",0.8263185,128.5028,,31.5684,"2,578.50",256.0,,,175.0037,8.5121,"2,606.90","18,800","6,238",79.5628,"1,734.00",982.9867,,"1,029.97","4,829.28",,81.0364,"23,385.05",23.385,55,5.8736,9.6803,9.6674,9.7756,9.7692
11,02-Dec,641.2639,655.5268,265.9911,22.9956,"1,970.69","1,944.35",0.9952,"8,304.12",0.83041226,129.1394,,41.6626,"2,578.50",256.0,,,174.9719,8.421,"2,606.90","18,720","6,150",79.5971,"1,734.00",979.9223,,"1,033.60","4,817.05",,84.3963,"23,357.32",23.3573,55,5.5708,8.9764,8.9557,8.9755,8.9466
12,03-Jan,620.1732,625.0521,264.9466,23.6707,"1,976.94","1,970.00",0.995,"8,361.83",0.83618323,128.6265,,57.6452,"2,578.50",256.0,,,174.9887,8.3495,"2,606.90","20,100","6,325",77.6164,"1,734.00",989.3456,,"1,035.95","4,608.71",,86.3911,"23,423.60",23.4236,55,5.3981,8.6797,8.6732,8.7061,8.6672
13,03-Feb,601.9332,611.1382,267.6998,23.8214,"1,972.81","2,036.76",0.995,"8,506.96",0.85069571,129.2555,,57.6452,"2,578.50",256.0,,,174.9795,8.4355,"2,606.90","20,450",,76.8798,"1,734.00","1,021.31",,"1,040.08","5,120.18",,88.1363,"23,264.82",23.2648,55,5.3149,8.3324,8.3052,8.467,8.4141
14,03-Mar,604.9977,597.5623,267.879,25.1858,"1,971.85","2,063.55",0.995,"8,325.24",0.83252387,128.7526,,57.6452,"2,578.50",257.1381,,,175.0271,8.4013,"2,606.90","20,310",,76.5521,"1,734.00","1,034.11",,"1,042.90","4,969.24",,88.5016,"23,269.98",23.27,55,5.1629,8.0757,8.06,8.0555,8.0479
15,03-Apr,602.559,597.1218,267.7975,25.3587,"1,972.27","2,100.86",0.995,"8,432.77",0.8432765,129.1607,,57.6452,"2,578.50",261.88,,,174.982,8.4288,"2,618.69","20,875","7,500",75.6327,"1,734.00","1,039.55",,"1,044.70","4,884.41",,88.9986,"23,412.72",23.4127,207,5.0138,7.6933,7.6582,7.7757,7.6962
16,03-May,568.7984,574.4647,267.7544,24.8284,"1,973.49","2,100.34",0.995,"8,485.46",0.84854613,129.7137,,57.6452,"2,578.50",258.2752,,,175.0385,8.5297,"2,619.58","19,338","7,650",71.7021,"1,734.00","1,040.82",,"1,052.70","4,849.41",,89.5642,"23,377.92",23.3779,812,4.9135,7.6439,7.6216,7.7052,7.5612
17,03-Jun,561.773,553.9537,262.5438,25.4483,"1,982.68","2,102.61",0.995,"8,508.92",0.850892,130.1895,,57.6452,"2,578.50",257.41,,,174.9825,8.4435,"2,619.56","17,250","7,632",73.3917,"1,734.00","1,040.71",,"1,052.77","4,859.90",,88.9808,"23,439.75",23.4398,813,5.091,7.9171,7.8649,7.9426,7.9276
18,03-Jul,574.9577,566.3258,263.5253,25.1988,"1,992.80","2,112.72",0.995,"8,527.33",0.85273274,128.6581,,57.6452,"2,578.50",257.41,,,174.9935,8.5047,"2,618.73","17,950","7,888",74.7526,"1,800.96","1,041.66",,"1,051.47","4,810.74",,88.4037,"23,387.16",23.3872,813,4.9194,7.5568,7.5456,7.7042,7.5719
19,03-Aug,584.7687,565.7165,265.9961,28.0434,"2,000.87","2,141.30",0.995,"8,549.29",0.85492887,128.3237,,57.6452,"2,578.50",259.4074,,,174.97400000000005,8.5486,"2,620.00","19,125","7,813",75.9449,"1,997.94","1,042.74",,"1,052.17","4,818.23",,99.386,"23,398.03",23.398000000000003,819,4.8393,7.3933,7.383999999999999,7.6607,7.3847
20,03-Sep,583.9103,586.6990000000002,265.3345,28.5566,"1,995.72","2,125.50",0.995,"8,530.41",0.85304067,130.5818,,57.6452,"2,578.50",259.78700000000003,,,174.9922,8.5497,"2,615.20","19,300","7,763",77.9199,"1,994.18","1,044.45",,"1,081.20","4,809.45",,106.5263,"23,134.30",23.1343,814,4.8046,7.3338,7.3306,7.5716,7.3435
21,03-Oct,557.5455,563.5853,261.2895,29.7499,"1,994.63","2,176.51",0.995,"8,594.98",0.8594978999999999,131.9566,,57.6452,"2,578.50",259.3361,,,174.9992,8.5499,"2,618.31","19,613","7,550",77.7183,"1,989.88","1,043.87",,"1,058.26","4,836.67",,106.4398,"23,230.02",23.23,816,4.6308,6.9936,6.9754,7.3356,6.9717
22,03-Nov,561.0459999999998,560.6912,258.1747,31.4822,"1,998.12","2,190.01",0.995,"8,661.50",0.86614983,138.2657,,57.6452,"2,578.50",259.116,,,175.0053,8.5506,"2,620.00","19,500","7,663",76.7997,"1,973.79","1,046.43",,"1,041.69","4,836.59",,105.89,"23,175.83",23.1758,813,4.5392,6.7525,6.7215,7.0124,6.7641
23,03-Dec,532.5726,534.7345,256.9584,29.9955,"2,004.68","2,203.17",0.995,"8,627.09",0.86270871,138.1381,,57.6452,"2,578.50",258.5361,,,174.9755,8.5488,"2,619.15","18,967","7,350",75.9935,"1,939.61","1,055.81",,"1,061.27","4,727.42",,105.2831,"23,199.63",23.1996,814,4.3589,6.5483,6.542000000000002,6.5231,6.4897
24,04-Jan,518.25,519.5844,255.5503,29.8302,"2,004.62","2,450.00",0.995,"8,622.78",0.86227806,137.3952,,57.6452,"2,578.50",258.5,,,175.0063,8.5565,"2,620.00","17,975","7,688",76.268,"1,936.60","1,074.88",,"1,063.88","4,713.23",,106.16,"23,208.21",23.2082,818,4.4326,6.9339,6.9096,6.9102,6.915
25,04-Feb,519.4507,519.4272,255.4436,29.7491,"2,006.37","2,450.00",0.995,"8,729.28",0.87292845,135.7405,,57.6452,"2,578.50",258.5,,,174.9669,8.5998,"2,620.00","17,025","7,600",76.4091,"1,877.08","1,107.05",,"1,068.02","4,758.36",,106.1831,"23,161.29",23.1613,"1,022",4.688,6.7849,6.7599,6.7874,6.7495
26,04-Mar,534.9935,534.8769,255.4398,29.074,"2,010.16","2,450.00",0.995,"8,755.48",0.87554806,134.4203,,57.6452,"2,578.50",258.5,,,175.0039,8.5686,"2,620.00","17,100","7,600",77.2919,"1,920.28","1,108.35",,"1,068.81","4,709.84",,106.2487,"23,278.79",23.2788,"4,076",4.8323,6.6745,6.6315,6.659,6.6191
27,04-Apr,545.7043,545.3213,254.1228,28.9991,"2,012.36","2,576.67",0.995,"8,835.20",0.8835200000000001,131.641,,57.6452,"2,578.50",258.5,,,174.9987,8.5721,"2,620.00","18,050","7,575",77.8982,"1,912.03","1,108.96",,"1,068.74","4,729.58",,107.5318,"23,319.30",23.3193,"4,471",4.7810000000000015,6.5193,6.5141,6.5348,6.5125
28,04-May,551.8877,546.154,254.3326,29.2331,"2,011.81","2,566.13",0.995,"8,827.58",0.88275758,130.665,,57.6452,"2,578.50",258.5,,,174.9389,8.5396,"2,620.00","17,500","7,200",79.2065,"1,858.70","1,113.76",,"1,072.45","4,735.73",,107.145,"23,147.34",23.1473,"5,198",4.9996,6.7741,6.8127,6.8882,6.7943
29,04-Jun,542.3243,540.7707,254.2917,29.2368,"2,012.21","2,481.00",0.995,"8,938.06",0.89380633,130.9345,,57.6452,"2,578.50",258.5,,,174.9253,8.6395,"2,620.00","17,550","6,875",79.2463,"1,813.71","1,112.59",,"1,075.08","4,800.42",,107.1398,"22,871.67",22.8717,"5,326",4.7673,6.4448,6.4298,6.5105,6.4482
30,04-Jul,534.2465,534.974,254.3474,29.7455,"2,048.62","2,455.00",0.995,"8,922.00",0.8922,131.9031,,57.6452,"2,578.50",258.5,,,175.175,8.6614,"2,622.42","16,400","6,550",79.9836,"1,740.04","1,101.75",,"1,075.01","4,768.31",,106.8306,"22,342.44",22.3424,"5,314",4.5837,6.1435,6.1169,6.1179999999999986,6.1538
31,04-Aug,537.6845,538.9048,262.4505,29.3405,"2,161.53","2,455.00",0.995,"8,984.38",0.89843758,131.4145,,57.6452,"2,578.50",258.5,,,174.0302,8.6071,"2,701.81","14,225","6,300",80.7768,"1,726.51","1,088.37",,"1,075.84","4,754.19",,107.1274,"22,023.37",22.0234,"5,439",4.7544,6.4362,6.4423,6.3845,6.3736
32,04-Sep,537.961,537.4512,260.8595,29.5848,"2,586.04","2,455.00",0.995,"8,988.55",0.8988545,131.9777,,57.6452,"2,578.50",258.5,,,170.2222,8.6656,"2,759.67","13,683","5,817",80.6572,"1,713.80","1,072.63",,"1,075.95","4,799.78",,107.8718,"21,601.27",21.6013,"5,498",4.7914,6.562,6.5385,6.517,6.5253
33,04-Oct,525.6871,525.2877,262.7913,29.0749,"2,635.49","2,448.55",0.995,"8,965.75",0.89657516,130.9474,,57.6452,"2,578.50",258.5,,,166.2284,8.6462,"2,910.65","14,575","6,125",81.2265,"1,731.44","1,064.95",,"1,074.00","4,849.53",,106.9861,"20,653.34",20.6533,"5,421",4.7013,6.3929,6.3781,6.4008,6.3979
34,04-Nov,505.278,505.2352,257.9823,29.4167,"2,707.91","2,435.00",0.995,"8,928.75",0.892875,130.005,,57.6452,"2,578.50",258.5,,,175.3562,8.6496,"3,051.80","15,138","6,033",81.1974,"1,725.16","1,057.56",,"1,072.11","4,792.25",,105.755,"19,817.90",19.8179,"5,615",4.506,6.061,6.0368,6.0719,6.0503
35,04-Dec,489.2084,490.6781,257.6948,29.4889,"2,772.68","2,428.13",0.995,"8,900.25",0.890025,130.4969,,57.6452,"2,578.50",258.5,,,175.8558,8.6894,"3,101.66","15,138","5,988",79.8579,"1,732.50","1,048.72",,"1,078.23","4,599.48",,105.9485,"19,025.53",19.0255,"5,663",4.3326,5.7494,5.732,5.7433,5.746
36,05-Jan,498.7484,498.5869,260.8031,29.3601,"2,818.26","2,437.71",0.995,"8,900.25",0.890025,129.505,,57.6452,"2,578.50",258.5,,15.0,176.0665,8.6738,"3,113.81","16,233","6,020",77.9128,"1,727.26","1,081.40",,"1,079.48","4,703.53",,105.4727,"18,641.02",18.641,"5,516",4.4504,5.9553,5.9575,5.9479,5.944
37,05-Feb,503.9061,504.397,260.943,29.2399,"2,776.78","2,425.07",0.995,"8,908.29",0.89082857,129.505,,57.6452,"2,578.50",258.5,,15.0,174.4109,8.6895,"3,120.43","14,996","6,145",76.9381,"1,704.20","1,106.86",,"1,078.56","4,694.14",,104.8532,"18,289.89",18.2899,"5,500",4.4823,6.0233,6.0079,6.0288,6.0274
38,05-Mar,496.7529,496.7953,263.0821,29.0941,"2,965.87","2,429.19",0.995,"8,984.81",0.89848145,129.9455,,57.6452,"2,546.28",258.5,,15.0,172.3166,8.6683,"3,123.45","15,068","6,200",74.5614,"1,705.24","1,108.68",,"1,078.68","4,674.19",,107.4082,"19,211.18",19.2112,"5,500",4.4828,6.0120000000000005,6.0197,5.9164,6.0070000000000014
39,05-Apr,508.3467,506.6497,267.0295,28.7725,"3,285.90","2,440.90",0.995,"9,000.86",0.90008633,131.4593,,57.6452,"2,507.15",258.5,,15.0,175.4697,8.6796,"3,108.03","15,363","6,250",76.008,"1,767.25","1,103.32",,"1,084.42","4,623.13",,110.6357,"19,773.77",19.7738,"5,780",4.5619,6.1715,6.1595,6.1191,6.1823
40,05-May,516.4516,516.5371,265.9503,28.5056,"3,476.94","2,362.32",53.0158,"9,030.01",0.90300145,131.6156,,57.6452,"2,507.15",257.801,,15.0,174.8602,8.6063,"3,033.60","15,306","6,200",76.3746,"1,770.38","1,114.55",,"1,086.09","4,642.77",,112.9247,"22,764.06",22.7641,"6,562",4.6960000000000015,6.3148,6.3198,6.2663,6.3021
41,05-Jun,522.6,538.889,263.495,28.0327,"3,592.10","2,355.00",57.5,"9,030.23",0.903023,132.3022,,74.4298,"2,507.15",246.8163,,15.0,174.2383,8.6824,"2,997.00","15,500","6,200",76.661,"1,733.33","1,122.51",,"1,085.82","4,630.00",,120.3938,"24,471.57",24.4716,"9,076",5.5216,6.7568,6.7398,6.425,6.7664
42,05-Jul,522.6,544.5318,268.1908,28.1499,"3,703.93","2,355.00",57.5,"9,031.91",0.90319129,133.4085,,89.1163,"2,507.15",245.279,,15.0,174.085,8.6979,"2,997.00","15,775","6,313",76.2371,"1,748.13","1,130.49",,"1,085.50","4,630.00",,122.6342,"24,528.00",24.528,"11,009",5.5338,6.6912,6.699,6.425,6.6896
43,05-Aug,526.5039,533.3708,268.1555,27.7984,"3,783.34","2,312.74",59.0161,"9,046.07",0.90460726,135.5226,,89.1163,"2,507.15",242.031,,15.0,173.8839,8.7004,"2,615.71","15,783","6,300",75.7906,"1,807.73","1,129.05",,"1,084.82","4,429.26",,122.9481,"24,508.68",24.5087,"18,701",5.4218,6.4626,6.4665,6.4256,6.4605
44,05-Sep,531.9127,534.4412,268.141,27.9399,"3,869.85","2,263.60",58.5417,"9,052.50",0.90525,131.78,,89.1163,"2,507.15",240.2137,,15.0,173.1287,8.7113,"2,212.57","15,275","6,350",74.069,"1,840.77","1,135.32",,"1,050.10","4,424.17",,123.2837,"24,458.67",24.4587,"24,285",5.3781,6.3489,6.3497,6.3292,6.3431
45,05-Oct,546.3969999999998,544.9355,268.5739,28.2107,"4,105.18","2,358.03",56.8548,"9,069.81",0.90698065,130.2444,,89.1163,"2,471.83",235.5876,,15.0,174.3529,8.6984,"2,054.64","15,660","6,380",73.6913,"1,852.11","1,137.96",,"1,032.48","4,325.00",,123.7231,"25,127.45",25.1274,"27,254",5.5479,6.559,6.5637,6.5239,6.5582
46,05-Nov,555.4926,556.1201,277.8616,28.3839,"4,144.03","2,355.00",54.0,"9,084.72",0.9084717,130.5295,,89.1733,"2,330.41",233.116,,15.0,174.1016,8.7204,"1,865.94","15,575","6,500",74.6392,"1,835.30","1,167.19",,998.8283,"4,048.93",,123.7522,"27,377.35",27.3774,"61,927",5.6551,6.6615,6.6629999999999985,6.6733,6.6625
47,05-Dec,553.2851,553.1832,281.4569,28.5704,"4,314.29","2,355.00",53.7903,"9,092.61",0.90926147,129.5471,,89.2302,"2,308.38",230.8226,,15.0,174.1049,8.7214,"1,747.40","15,438","6,325",73.161,"1,815.66","1,166.04",,997.5072,"3,391.23",,123.2223,"24,728.61",24.7286,"76,616",5.5063,6.3736,6.3773,6.3875,6.3797
48,06-Jan,541.92,542.0114,277.6879,28.5109,"4,303.72","2,355.00",56.5,"9,099.20",0.90992019,129.6063,438.2103,89.2302,"2,304.75",230.4135,,15.0,174.4898,8.7131,"1,679.26","15,188","6,450",72.2299,"1,816.72","1,173.18",550.9051,972.0647,"3,344.37",,124.3649,"24,381.26",24.3813,"91,387",5.3616,6.1037,6.1042,6.1068,6.1077
49,06-Feb,548.7375,548.9091,270.4472,28.2971,"4,441.53","2,355.00",56.5,"9,117.39",0.91173884,129.0309,433.5714,89.2302,"2,299.20",229.9429,,15.0,174.7591,8.7311,"1,613.78","14,200","6,438",71.808,"1,815.02","1,188.06",549.3176,957.6677,"3,268.48",,130.7308,"25,576.24",25.5762,"98,695",5.4007,6.1078,6.1029,6.1006,6.0993
50,06-Mar,545.6415,545.4818,264.0447,28.2615,"4,489.82","2,355.00",56.4355,"9,116.65",0.91166473,128.2129,431.2254,89.2302,"2,276.19",227.5799,,15.0,174.7293,8.6297,"1,560.05","13,410","6,450",72.2909,"1,819.57","1,210.11",547.9149,963.3981,"3,277.42",,132.3657,"26,659.35",26.6593,"99,106",5.4961,6.242000000000001,6.2408,6.2228,6.2308
51,06-Apr,536.0197,535.9661,263.6172,28.4267,"4,504.41","2,355.00",56.4333,"9,049.59",0.9049585,127.8803,432.0,89.2302,"2,266.65",224.7377,,15.0,174.7133,8.6778,"1,489.49","13,713","6,450",71.2762,"1,815.50","1,221.99",547.4683,975.0437,"3,203.69",,133.69899999999998,"26,990.43",26.9904,"99,021",5.4273,6.0937,6.0885,6.0945,6.0923
52,06-May,514.0349,514.033,272.618,28.1687,"4,503.84","2,355.00",56.5,"9,137.86",0.91378642,128.3673,432.0,89.2302,"2,266.65",222.36,,15.0,174.8212,8.7306,"1,423.37","13,643","6,300",71.7532,"1,815.50","1,242.06",547.4272,981.471,"3,179.80",,138.2476,"27,030.00",27.03,"101,040",5.5193,6.2994,6.2965,6.2886,6.2899
53,06-Jun,517.6765,517.6758,271.7275,28.1111,"4,576.09","2,355.00",56.5,"9,145.71",0.91457097,128.2206,432.0,89.2302,"2,266.65",219.3424,,15.0,174.3217,8.732000000000001,"1,379.84","14,150",,73.2877,"1,815.50","1,253.52",550.0133,979.513,"3,446.26",,139.1646,"27,030.00",27.03,"101,011",5.9171,6.9427,6.9435,6.9174,6.9271
54,06-Jul,516.7693,516.54,271.0566,28.095,"5,040.31","2,355.00",56.5,"9,174.07",0.91740695,127.9855,432.0,89.2302,"2,266.65",216.3463,,15.0,174.5431,8.7088,"1,371.50","14,417","6,320",73.6883,"1,819.64","1,265.03",549.7586,979.1616,"3,506.01",,138.6248,"27,030.00",27.03,"101,065",6.0279,7.093,7.0922,7.0676,7.0704
55,06-Aug,512.2218,512.1842,270.9707,28.1587,"5,479.42","2,355.00",56.5,"9,185.59",0.91855897,128.0357,432.0,89.2302,"2,266.65",213.6115,,15.0,174.6976,8.7153,"1,371.87","14,467","6,315",72.8398,"1,845.50","1,298.24",551.661,984.7589,"3,844.02",,136.747,"25,793.23",25.7932,"10,011",5.94,6.9285,6.9441,6.8986,6.9054
56,06-Sep,515.0793,515.0781,271.974,28.2425,"5,555.12","2,355.00",56.9167,"9,207.24",0.92072367,128.2084,432.0,87.4586,"2,266.65",212.179,,15.0,174.8155,8.7497,"1,372.84","13,567","6,305",72.8575,"1,845.80","1,317.05",551.295,"1,038.83","4,020.60",,137.9954,"25,136.67",25.1367,250,6.2412,7.431,7.4078,7.3141,7.3117
57,06-Oct,519.9723,519.8789,272.7323,27.9116,"5,554.72","2,355.00",57.0,"9,209.93",0.92099345,128.1363,432.0,80.3724,"2,266.65",212.0665,,15.0,174.7095,8.7459,"1,373.19","13,400","6,300",72.2899,"1,846.28","1,268.07",549.9587,"1,055.41","3,860.38",,137.577,"25,133.55",25.1335,250,6.3945,7.6581,7.6416,7.622999999999998,7.6464
58,06-Nov,509.9402,509.9471,271.123,27.8185,"5,557.68","2,355.00",57.0,"9,207.32",0.92073245,128.0611,432.0,80.3754,"2,266.65",214.0767,,15.0,174.6591,8.7465,"1,372.97","13,390","7,000",71.1381,"1,835.50","1,301.59",549.9078,"1,051.63","3,961.15",,137.886,"25,152.50",25.1525,250,6.2047,7.292000000000002,7.2689,7.2744,7.2947
59,06-Dec,496.9555,496.9268,271.8741,27.8537,"5,558.09","2,355.00",57.0,"9,218.65",0.92186535,128.3564,432.0,80.376,"2,266.65",212.1444,,15.0,174.8102,8.7865,"1,376.59","13,850","6,213",69.6433,"1,828.24","1,273.27",550.2458,"1,029.87","4,099.38",,138.8592,"25,175.32",25.1753,250,6.057,7.0489,7.0565,7.0423,7.0406
60,07-Jan,504.406,504.3972,270.9786,27.9937,"5,659.99","2,355.00",57.0,"9,218.74",0.92187434,128.0426,432.0,80.376,"2,266.65",209.4451,2.0826,15.0,175.4788,8.8049,"1,375.39","14,125","6,300",69.8817,"1,781.31","1,290.48",549.1962,"1,009.68","4,218.76",,139.1089,"25,669.68",25.6697,250,6.1598,7.1815,7.1854,7.146,7.1606
61,07-Feb,502.492,502.4186,269.7455,27.4713,"5,997.94","2,355.00",57.0,"9,235.07",0.92350711,128.1423,432.0,80.376,"2,266.65",200.908,2.0091,15.0,176.6611,8.8771,"1,364.47","14,975","6,275",69.675,"1,752.64","1,289.64",548.6124,"1,047.02","4,229.98",,139.4244,"25,794.29",25.7943,250,6.1854,7.1734,7.1653,7.1982,7.1983
62,07-Mar,495.5746,495.6248,271.1079,27.439,"5,968.89","2,355.00",57.0,"9,268.90",0.92689045,128.1008,432.0,80.0451,"2,266.65",200.737,2.0074,15.0,176.7523,8.8909,"1,356.04","15,733","6,275",69.2645,"1,754.10","1,257.07",547.2481,"1,041.51","4,249.31",,139.4888,"25,799.35",25.7994,250,6.305,7.3494,7.3495,7.3549,7.3314
63,07-Apr,485.8393,485.8991,270.8461,27.3822,"4,977.85","2,376.14",57.0,"9,265.16",0.92651615,127.8325,432.0,79.9658,"2,266.65",200.413,2.0041,15.0,175.7072,8.8584,"1,355.62","16,620","6,200",68.6169,"1,746.83","1,260.15",546.1557,"1,041.63","4,150.47",,139.8527,"25,789.33",25.7893,250,6.1797,7.1236,7.1185,7.1267,7.1297
64,07-May,485.2496,485.0437,262.1143,27.2542,"3,497.65","2,989.29",57.0,"9,255.67",0.92556698,127.3858,432.0,78.8145,"2,266.65",200.3348,2.0033,15.0,175.6596,8.855,"1,354.41","16,533","6,275",67.1737,"1,714.21","1,268.21",546.0627,"1,046.13","4,010.93",,140.14700000000002,"26,020.00",26.02,250,6.1301,7.0299,7.0085,7.0268,6.9953
65,07-Jun,489.3798,488.9443,261.0072,27.1526,"3,451.33","2,985.23",57.0,"9,262.44",0.9262437,127.3501,432.0,78.8145,"2,266.65",200.58,2.0058,15.0,175.6459,9.0335,"1,354.69","17,600","6,267",66.5429,"1,675.50","1,258.09",546.2676,"1,072.99","3,896.45",,140.2673,"25,820.00",25.82,250,6.2578,7.1784,7.1593,7.1735,7.1884
66,07-Jul,479.1902,479.034,258.966,26.311,"3,465.47","2,986.78",59.9355,"9,284.17",0.9284,126.9358,432.0,75.5901,"2,266.65",200.58,2.0058,15.0,175.4978,9.0732,"1,370.43","18,788","6,300",67.0339,"1,639.37","1,269.61",548.424,"1,091.89","3,815.79",,140.2166,"25,711.29",25.7113,250,6.1365,6.9777,6.976,6.9878,6.9725
67,07-Aug,481.4698,481.1005,247.0925,24.6561,"3,895.60","2,982.11",62.1129,"9,335.63",0.9337,126.3722,432.0,74.9708,"2,266.65",200.58,2.0058,15.0,175.5159,9.0679,"1,376.65","19,600","6,275",66.8992,"1,689.37","1,278.10",548.0723,"1,102.91","4,005.61",,140.0244,"25,595.16",25.5952,250,6.26,7.2277,7.2176,7.2302,7.0624
68,07-Sep,472.5647,472.525,252.3195,22.0683,"4,079.43","2,982.48",61.6333,"9,397.55",0.9398,125.6279,432.0,74.971,"2,266.65",200.58,2.0058,15.0,175.641,9.0811,"1,360.37","20,000","5,950",66.9839,"1,710.85","1,255.27",546.8498,"1,103.66","3,969.36",,139.4028,"25,734.67",25.7347,"19,087",6.2145,7.1153,7.1154,7.1205,7.1571
69,07-Oct,461.3079,461.3085,254.9437,19.0605,"4,181.57","2,983.12",61.5,"9,455.62",0.9456,123.4348,432.0,74.971,"2,266.65",200.58,2.0058,15.0,175.7966,9.0857,"1,357.34","20,900","6,000",66.8053,"1,748.64","1,176.07",545.7691,"1,125.81","3,832.26",,139.1976,"25,753.39",25.7534,"29,989",6.0173,6.7805,6.7715,6.7756,6.7937
70,07-Nov,447.4599,447.4137,253.1306,20.1317,"4,216.78","2,982.41",61.5,"9,670.31",0.967,119.3427,432.0,74.971,"2,266.65",200.58,2.0058,15.0,175.2043,9.0855,"1,376.59","21,675","5,738",65.5829,"1,708.82","1,143.39",545.1488,"1,136.87","3,765.15",,139.5147,"25,011.00",25.011,"29,991",5.9439,6.6943,6.6923,6.6933,6.636
71,07-Dec,450.7694,450.6695,254.034,21.8766,"4,263.44","2,982.59",61.5968,"9,706.49",0.9706,117.9775,432.0,74.971,"2,266.65",200.58,2.0058,15.0,175.5677,9.1434,"1,394.75","21,875","5,720",63.3245,"1,712.27","1,151.98",545.3048,"1,135.13","3,828.82",,139.9773,"24,031.45",24.0315,"30,017",6.0673,6.8458,6.8483,6.8485,6.862
72,08-Jan,446.0249,446.1252,251.7569,22.308000000000003,"4,283.34","2,977.47",61.75,"9,716.58",0.9717,117.6486,432.0,74.971,"2,266.65",200.58,2.0058,15.0,175.704,9.2297,"1,391.41","22,725","5,800",68.09,"1,699.85","1,161.84",543.9314,"1,136.75","3,783.19",,139.6142,"23,677.26",23.6773,"30,003",6.1116,6.9635,6.9587,6.9629,6.9182
73,08-Feb,445.6763,445.5824,252.0606,22.397,"4,303.94","2,974.74",61.75,"9,761.98",0.9762,117.3552,432.0,74.971,"2,266.65",200.5825,2.0058,15.0,175.8284,9.314,"1,396.08","22,250","5,800",70.4115,"1,711.19","1,159.45",543.3523,"1,150.81","3,751.65",,140.0078,"24,057.76",24.0578,"30,005",6.4504,7.6395,7.6356,7.644,7.5873
74,08-Mar,423.5159,423.3844,249.3981,21.5771,"4,342.51","2,971.34",61.75,"9,762.52",0.9763,116.5331,432.0,74.971,"2,266.65",202.1114,2.0211,15.0,175.7607,9.438,"1,398.55","23,350","5,740",64.9411,"1,703.65","1,186.67",544.4443,"1,171.39","3,676.23",,140.1001,"24,146.77",24.1468,"30,010",6.5674,7.9451,7.9906,7.9636,7.9373
75,08-Apr,416.2247,416.2963,246.5847,19.9288,"4,421.62","2,969.65",61.75,"9,886.74",0.9887,117.2962,432.0,74.971,"2,266.65",202.893,2.0289,15.0,176.015,9.5509,"1,399.41","28,750","5,800",62.2058,"1,685.23","1,217.35",544.4358,"1,171.59","3,517.33",,140.0548,"24,169.67",24.1697,"30,021",6.5006,7.8131,7.7973,7.8088,7.8019
76,08-May,421.1368,421.6028,242.0828,20.5579,"4,430.18","2,969.38",62.1855,"9,985.43",0.9985,117.5455,432.0,74.971,"2,266.65",203.3993,2.0340000000000003,15.0,175.9023,9.5845,"1,393.27","31,875","6,000",61.9809,"1,659.58","1,207.74",542.6693,"1,175.79","3,410.57",,140.1253,"24,190.00",24.19,"214,392,146",6.4333,7.6185,7.6179,7.6097,7.6094
77,08-Jun,421.4981,421.5014,236.9641,20.9675,"4,415.57","2,968.02",63.2833,"10,571.01",1.0571,117.4782,432.0,74.971,"2,266.65",205.4321,2.0543,15.0,175.6935,9.6068,"1,389.95","32,240","6,100",63.7414,"1,598.39","1,184.75",541.6144,"1,181.94","3,250.58",,140.327,"24,083.50",24.0835,"4,505,111,067",6.5964,7.9098,7.9246,7.8844,7.9095
78,08-Jul,415.6975,415.6945,231.8158,20.8885,"4,536.75","2,968.02",63.5,"11,049.94",1.105,117.5178,432.0,74.971,"2,266.65",207.0076,2.0701,15.0,175.4767,9.7393,"1,399.96","34,300","6,300",66.6389,"1,642.22","1,167.63",542.5145,"1,176.05","3,372.69",,140.5168,"24,061.13",24.0611,"26,573,629,997",6.4707,7.665,7.6558,7.6608,7.6749
79,08-Aug,437.241,437.4164,229.6729,21.5855,"4,641.91","2,968.02",63.5,"11,576.90",1.1577,117.6763,432.0,74.971,"2,266.65",209.6778,2.0968,15.0,175.6161,9.7817,"1,405.07","33,875","6,300",67.7816,"1,626.47","1,161.26",546.8928,"1,173.91","3,462.79",,141.6298,"24,006.45",24.0065,16,6.5569,7.6567,7.6405,7.6703,7.6436
80,08-Sep,456.3641,456.3633,230.3439,22.4209,"4,762.87","2,968.02",63.2,"11,546.63",1.1547,117.3262,432.0,74.971,"2,266.65",211.3846,2.1138,15.0,175.7201,9.7539,"1,400.87","35,225","6,350",71.444,"1,640.17","1,157.81",548.4286,"1,163.37","3,525.36",,141.2671,"24,110.33",24.1103,76,6.8067,8.0069,8.0109,8.0387,8.0414
81,08-Oct,490.5676,490.5678,238.5326,23.8728,"5,034.64","2,968.02",63.5,"11,673.76",1.1674,117.5559,432.0,74.971,"2,266.65",213.1765,2.1318,15.0,176.5483,9.7814,"1,422.44","35,225","6,300",76.3412,"1,774.32","1,231.34",551.5278,"1,174.22","4,029.86",,141.9208,"24,130.00",24.13,265,7.7052,9.7037,9.697,9.6512,9.6376
82,08-Nov,515.7383,515.7792,247.216,25.3902,"5,072.06","3,005.45",63.5,"11,890.13",1.189,117.9066,532.7717,74.971,"2,266.65",220.7042,2.2071,15.0,177.2988,9.8198,"1,428.84","34,467","6,000",78.1861,"1,872.17","1,255.56",553.448,"1,200.09","4,289.11",,142.5729,"24,284.33",24.2843,"19,123",8.0036,10.1298,10.1193,10.121,10.141
83,08-Dec,488.3781,488.3644,252.3941,26.8826,"5,104.36","3,029.57",63.2177,"12,403.41",1.2403,132.232,604.5128,74.971,"2,266.65",219.7512,2.1975,15.0,177.2138,9.9164,"1,416.63","34,067","6,300",77.874,"1,958.95","1,303.54",554.5029,"1,214.38","4,877.44",,142.7526,"24,767.74",24.7677,"939,593",7.8806,9.9633,9.9822,9.9837,9.9432
84,09-Jan,492.0357,492.0277,259.3756,26.3237,"4,834.65","3,035.35",64.4194,"12,979.33",1.2979,145.8283,676.6448,74.971,"2,266.65",221.3711,2.2137,15.0,176.5165,10.4897,"1,418.28","32,950","6,400",78.9858,"1,975.74","1,345.60",564.0649,"1,218.39","5,007.05",,142.1522,"25,286.61",25.2866,"17,916,338",7.8455,9.874,9.8555,9.8776,9.8276
85,09-Feb,511.7909,511.7847,257.4668,25.8864,"4,815.65","3,060.05",64.5,"13,633.99",1.3634,147.8366,714.1106,74.971,"2,266.65",223.1268,2.2313,15.0,175.6705,10.998,"1,402.86","28,600","6,500",79.4845,"1,970.21","1,317.94",565.8798,"1,211.85","5,385.49",,140.5618,"25,664.29",25.6643,"37,470,450",7.9594,10.0113,9.9853,10.011,10.0106
86,09-Mar,503.8077,503.8207,261.35900000000004,26.3876,"4,862.65","3,103.54",65.12899999999999,"14,011.71",1.4012,148.4203,771.0606,74.971,"2,266.65",228.1866,2.2819,15.0,178.0099,11.1778,"1,413.58","28,550","6,720",80.2096,"2,033.44","1,311.42",567.7306,"1,214.84","5,586.07",,140.8393,"26,473.87",26.4739,"37,433,404",7.9628,9.9641,9.9736,9.9711,9.9645
87,09-Apr,497.1213,497.1183,264.6047,26.5792,"4,923.18","3,156.19",65.7833,"14,293.95",1.4294,148.1288,823.3976,74.971,"2,266.65",231.2934,2.3129,15.0,178.4495,11.2169,"1,411.52","31,625","6,850",79.6585,"2,155.34","1,334.60",569.7462,"1,216.03","5,656.08",,141.1539,"26,618.50",26.6185,"37,433,404",7.528,9.079,9.0275,9.0548,9.0728
88,09-May,482.0202,481.9447,265.5489,26.4806,"4,790.87","3,196.82",67.7177,"14,564.79",1.4565,148.111,803.7260000000001,74.971,"2,266.65",235.6312,2.3563,15.0,177.4433,11.2493,"1,405.17","31,475","7,000",77.9957,"2,226.24","1,329.89",567.6509,"1,211.92","5,234.10",,142.0095,"26,605.16",26.6052,"37,433,404",7.1433,8.3789,8.3784,8.3852,8.3875
89,09-Jun,468.1435,468.1456,265.1331,26.4593,"4,837.37","3,247.67",69.8833,"14,874.59",1.4875,148.4501,767.4107,74.971,"2,266.65",237.8207,2.3782,15.0,177.5614,11.3017,"1,412.36","32,775","7,100",77.8829,"2,153.04","1,315.30",568.1768,"1,213.42","5,075.42",,143.4679,"26,600.67",26.6007,"37,433,404",6.92,8.0538,8.0447,8.0598,8.0644
90,09-Jul,465.91,465.9267,264.9323,26.5752,"4,835.92","3,306.07",71.0484,"14,996.23",1.4996,148.9729,769.2481,76.6949,"2,266.65",239.1166,2.3912,15.0,176.9019,11.344,"1,416.43","33,300","6,950",76.6931,"2,094.98","1,323.58",569.3065,"1,215.92","5,144.05",,140.9498,"26,628.06",26.6281,"37,433,404",6.8881,7.9625,7.9616,7.9716,7.9849
91,09-Aug,459.8843,459.4844,262.4829,26.7226,"4,861.50","3,466.49",72.0202,"14,770.31",1.477,155.5475,801.3626,77.6968,"2,266.65",242.4402,2.4244,15.0,175.7377,12.0667,"1,427.06","31,960","6,400",76.3856,"2,068.66","1,322.74",568.616,"1,222.76","4,876.28",,141.2585,"26,490.32",26.4903,"20,528,156",6.8941,7.9107,7.9242,7.9524,7.9207
92,09-Sep,450.8928,451.2848,260.6198,26.626,"5,014.20","3,591.31",72.4117,"14,533.13",1.4533,153.2301,812.9060000000002,77.7477,"2,266.65",238.1988,2.382,15.0,175.4206,12.5771,"1,436.43","32,250","6,500",75.5127,"1,972.23","1,308.84",568.7554,"1,232.47","4,647.25",,140.5262,"27,099.83",27.0998,355,6.6579,7.5309,7.5176,7.5465,7.5463
93,09-Oct,442.8829,442.8475,260.9312,26.7103,"5,007.76","3,741.26",71.329,"14,450.18",1.445,149.7792,812.9060000000002,78.87100000000002,"2,266.65",231.9724,2.3197,15.0,174.2418,12.6088,"1,450.31","32,150","6,700",75.2443,"1,917.90","1,316.30",569.3466,"1,229.21","4,666.05",,140.719,"27,881.29",27.8813,355,6.6176,7.4789,7.4707,7.4787,7.6842
94,09-Nov,440.2421,440.3078,261.7521,26.9621,"5,018.76","3,822.38",68.505,"14,317.29",1.4317,151.1245,812.9060000000002,85.9106,"2,266.65",231.9128,2.3191,15.0,170.2695,12.6339,"1,450.28","31,840","6,400",74.8038,"1,873.63","1,329.01",569.5111,"1,225.69","4,651.46",,142.0367,"28,267.83",28.2678,355,6.6641,7.5443,7.5398,7.5442,7.5326
95,09-Dec,448.9769,448.9082,262.5525,26.9928,"5,014.89","3,906.23",67.5226,"14,338.77",1.4339,149.8639,812.9060000000002,88.662,"2,266.65",231.6426,2.3164,15.0,172.2258,12.6886,"1,465.63","31,550","6,400",75.4465,"1,899.80","1,335.92",571.3573,"1,240.07","4,687.70",,145.2411,"28,695.16",28.6952,354,6.6919,7.4946,7.4949,7.4982,7.4971
96,10-Jan,459.1976,459.4431,262.1854,26.5546,"5,016.27","3,919.16",70.8935,"14,274.80",1.4275,150.3324,819.7943,89.7552,"2,266.65",231.2452,2.3125,15.0,164.2373,12.703,"1,493.23","31,850","6,700",75.7714,"1,928.35","1,342.08",571.9731,"1,238.84","4,522.61",,145.8274,"28,010.00",28.01,364,6.7166,7.459,7.4552,7.4620000000000015,7.4621
97,10-Feb,479.2773,480.0088,261.4472,26.6892,"5,026.75","3,904.67",71.7643,"14,303.33",1.4303,150.9897,917.9722,90.2705,"2,266.65",232.0343,2.3203,15.0,175.2065,13.4266,"1,498.85","30,750","6,500",76.7128,"1,996.31","1,348.91",573.3209,"1,225.70","4,668.55",,149.9961,"27,577.14",27.5771,375,6.8995,7.6794,7.6795,7.677,7.676
98,10-Mar,483.0529,482.9936,264.4635,26.7842,"5,024.07","3,870.57",71.65,"14,181.05",1.4181,150.2017,912.5748,91.1589,"2,266.65",231.9315,2.3193,15.0,175.4672,13.4288,"1,518.04","30,400","6,663",76.9389,"2,083.58","1,356.56",572.6522,"1,226.37","4,689.50",,150.7226,"27,702.10",27.7021,375,6.7945,7.4278,7.4232,7.4273,7.4289
99,10-Apr,488.2252,488.5642,266.6387,26.6439,"5,024.23","3,882.57",70.7033,"14,164.78",1.4165,150.2081,903.1531,93.6554,"2,266.65",226.3775,2.2638,15.0,177.5849,13.4827,"1,525.52","30,500","6,670",77.2572,"2,079.68","1,369.14",573.1769,"1,230.41","4,669.27",,151.2725,"30,843.67",30.8437,375,6.7826,7.3464,7.3379,7.3427,7.3403
100,10-May,519.9256,519.9355,272.37,27.5345,"5,032.33","3,915.06",71.0089,"14,255.23",1.4255,151.3341,900.8229,92.8484,"2,266.65",223.1501,2.2315,15.0,177.1492,13.5374,"1,541.70","31,930","6,700",78.575,"2,173.27","1,423.46",578.3027,"1,232.86","4,969.72",,151.5307,"33,920.32",33.9203,375,7.0275,7.6397,7.627999999999999,7.6391,7.6378
101,10-Jun,537.1122,537.1388,277.4173,29.2715,"5,056.21","3,924.07",71.6583,"14,338.41",1.4338,151.3205,901.561,92.7016,"2,266.65",225.7841,2.2578,15.0,176.9781,13.5738,"1,564.13","33,013","6,700",80.9892,"2,257.10","1,455.39",583.8004,"1,232.84","5,120.86",,151.2172,"33,991.67",33.9917,375,7.0804,7.6559,7.6486,7.6541,7.6552
102,10-Jul,514.5639,514.5804,284.7658,28.4791,"5,050.64","3,927.04",72.2185,"14,453.06",1.4454,150.1953,908.656,92.5713,"2,266.65",233.5593,2.3356,15.0,176.8225,13.6353,"1,599.87","31,721","6,650",81.3903,"2,257.13","1,497.91",590.1842,"1,227.49","5,035.25",,151.3805,"34,924.19",34.9242,375,6.9712,7.5531,7.5597,7.5528,7.5532
103,10-Aug,508.2026,508.1941,286.6054,28.3148,"5,205.09","3,930.13",72.5089,"14,339.69",1.4340000000000002,150.3618,906.7183,92.1874,"2,266.65",237.0378,2.3704,15.0,176.2207,13.6528,"1,602.78","30,235","6,200",80.41,"2,227.32","1,517.38",589.0181,"1,226.56","4,906.59",,151.0639,"37,072.58",37.0726,375,6.8147,7.2986,7.2917,7.2976,7.2979
104,10-Sep,503.6551,503.8554,287.027,28.8532,"6,041.81","3,976.83",71.9533,"14,328.59",1.4329,152.2299,905.9459,90.8273,"2,266.65",237.2624,2.3726,15.0,177.0728,16.1706,"1,606.67","30,908","5,900",80.8902,"2,251.73","1,518.69",587.6973,"1,226.42","4,868.39",,151.2901,"36,398.33",36.3983,375,6.7373,7.1481,7.1455,7.1489,7.147
105,10-Oct,472.2837,472.3492,285.0456,27.5326,"6,932.59","4,066.56",71.9,"14,281.29",1.4281,152.0398,908.8219,92.2576,"2,266.65",237.07,2.3707,15.0,176.9237,16.4673,"1,601.49","30,172","5,600",80.6604,"2,260.48","1,494.76",587.7826,"1,227.21","4,696.67",,151.3623,"36,035.48",36.0355,375,6.5429,6.9125,6.9128,6.9315,6.9311
106,10-Nov,479.0022,478.8914,280.4011,28.1083,"7,027.08","4,163.13",69.9277,"14,408.29",1.4408,150.6329,918.9172,92.2971,"2,266.65",237.38,2.3738,15.0,177.5179,16.5357,"1,602.62","31,840","5,575",80.4014,"2,288.87","1,491.82",589.9569,"1,230.61","4,695.54",,151.7944,"35,805.00",35.805,375,6.5982,6.9689999999999985,6.9694,6.9754,6.9741
107,10-Dec,496.4388,496.031,282.274,28.0846,"7,064.32","4,185.86",69.7405,"14,605.61",1.4606,152.6131,912.6221,92.3361,"2,266.65",244.6221,2.4485,15.0,177.2862,16.5867,"1,601.39","31,292","5,800",80.525,"2,303.26","1,463.06",593.3774,"1,231.31","4,736.10",,151.3389,"34,011.29",34.0113,375,6.5819,6.8416,6.8449,6.8391,6.84
108,11-Jan,491.3061,491.2699,282.2774,27.8162,"7,341.77","4,217.00",72.0887,"14,992.45",1.4992,152.5251,923.171,92.9091,"2,266.65",250.6455,2.5065,15.0,176.8502,16.656,"1,602.60","30,250","5,550",80.9976,"2,328.38","1,490.40",595.2688,"1,226.94","4,769.43",,151.346,"32,424.19",32.4242,375,6.6214,6.9026,6.8956,6.9018,6.9036
109,11-Feb,480.7221,480.7509,283.0686,27.9626,"7,472.94","4,254.80",72.3393,"15,254.55",1.5255,152.679,932.4654,93.2422,"2,266.65",259.8525,2.5985,15.0,175.6866,16.6985,"1,601.38","30,000","5,300",81.4282,"2,343.22","1,506.93",599.2569,"1,230.80","4,773.65",,151.6092,"31,555.36",31.5554,375,6.7665,7.1977,7.1932,7.197,7.1965
110,11-Mar,468.7229,468.5601,283.8453,27.8617,"6,882.51","4,285.84",72.0806,"15,234.73",1.5235,154.999,928.2405,93.2209,"2,266.65",275.0484,2.7362,15.0,176.1231,16.7532,"1,601.70","30,250","5,200",84.2299,"2,394.36","1,509.36",598.7044,"1,233.15","4,758.91",,151.4832,"30,977.42",30.9774,375,6.5999,6.9222,6.9187,6.9225,6.9224
111,11-Apr,454.6943,454.7582,276.0625,27.7667,"6,629.01","4,346.83",71.9033,"15,103.40",1.5103,154.6035,926.7491,93.2715,"2,266.65",268.051,2.6805,15.0,176.3673,16.8278,"1,601.16","31,748","5,950",83.8221,"2,370.44","1,507.43",599.3098,"1,229.22","4,710.75",,151.4716,"30,976.67",30.9767,375,6.4794,6.7369,6.7237,6.7369,6.737
112,11-May,456.9309,456.9335,273.1435,27.8253,"6,767.74","4,348.81",72.2742,"15,110.95",1.5111,156.1648,928.5019,93.2787,"2,266.65",268.1784,2.6818,15.0,176.0014,16.9038,"1,602.54","32,901","6,050",85.2633,"2,391.80","1,525.65",600.521,"1,229.67","4,753.05",,151.7036,"30,147.10",30.1471,375,6.5578,6.8629,6.8453,6.8637,6.8635
113,11-Jun,456.3917,456.3492,274.601,27.8573,"6,767.54","4,347.17",72.4833,"15,159.21",1.5159,155.94799999999995,926.8428,93.2887,"2,266.65",267.7472,2.6775,15.0,176.01,16.9368,"1,609.23","33,413","5,900",88.7549,"2,442.53","1,579.44",599.9538,"1,230.91","4,808.75",,151.1248,"29,000.00",29.0,375,6.5381,6.7953,6.7953,6.7976,6.7975
114,11-Jul,458.9073,459.0375,276.2874,27.7384,"6,776.23","4,356.40",72.6613,"15,155.32",1.5155,152.256,929.1274,93.3111,"2,266.65",267.7614,2.6776,15.0,176.3602,17.0188,"1,622.66","32,546","5,775",89.8663,"2,586.32","1,582.12",600.0598,"1,231.15","4,830.05",,151.7015,"27,917.74",27.9177,375,6.5548,6.7869,6.7825,6.7893,6.7882
115,11-Aug,456.9505,456.9573,279.103,28.2837,"6,793.47","4,375.11",72.4774,"15,219.96",1.5219999999999998,152.9367,932.353,93.3322,"2,266.65",267.1497,2.6715,15.0,175.0025,17.0574,"1,631.44","31,089","5,650",92.7397,"2,745.04","1,607.81",597.6908,"1,230.21","4,905.48",,159.7676,"26,882.26",26.8823,375,6.6989,7.0646,7.0749,7.0643,7.0527
116,11-Sep,474.5561,474.5529,283.4237,29.0638,"7,010.95","4,478.18",72.1067,"15,571.47",1.5571,155.9943,931.9766,94.0962,"2,266.65",267.9024,2.679,15.0,177.3184,17.1426,"1,628.77","30,254","5,625",95.9967,"2,811.01","1,636.16",599.4694,"1,233.58","4,939.93",,165.5968,"26,870.00",26.87,375,7.0073,7.5105,7.5029,7.5104,7.508999999999999
117,11-Oct,478.8683,478.7049,288.6685,28.8664,"6,931.98","4,457.03",72.1823,"16,111.93",1.6112,160.2066,931.4864,94.9589,"2,266.65",267.4421,2.6744,15.0,177.72,17.1662,"1,619.00","28,195","5,275",101.1624,"2,810.63","1,703.41",599.4634,"1,230.91","4,935.95",,166.3242,"26,679.03",26.679,375,7.3056,7.9621,7.9598,7.9638,7.9589
118,11-Nov,482.6419,482.6531,287.4221,29.0925,"6,911.72","4,385.92",71.7733,"16,178.59",1.6179,158.8009,932.24,95.1643,"2,266.65",267.8937,2.6789,15.0,177.72,17.2428,"1,624.75","24,446","5,675",93.8846,"2,586.05","1,741.10",602.1863,"1,241.65","5,022.71",,165.93,"26,677.50",26.6775,375,7.4149,8.1369,8.1324,8.1365,8.1348
119,11-Dec,497.3406,497.3396,288.4234,29.0841,"7,158.61","4,350.32",72.1452,"16,438.38",1.6438,162.6347,925.8782,95.165,"2,266.65",268.0643,2.6806,15.0,177.72,17.2928,"1,629.07","25,185","5,725",86.7547,"2,456.73","1,619.12",602.8702,"1,305.73","5,119.38",,164.8904,"26,658.55",26.6585,375,7.5077,8.2188,8.1902,8.2191,8.2189
120,12-Jan,508.6278,508.6292,290.4026,29.7925,"7,261.22","4,373.55",72.9597,"16,879.97",1.6880000000000002,161.4216,927.5661,95.1689,"2,266.65",267.8923,2.6789,15.0,177.7156,17.3135,"1,629.46","25,029","5,875",86.2803,"2,419.77","1,590.36",602.7448,"1,316.75","5,129.33",,164.6919,"26,885.65",26.8856,375,7.4531,8.0276,8.0252,8.027999999999999,8.0279
121,12-Feb,496.4615,496.4652,292.4006,30.743,"7,175.75","4,363.79",73.431,"17,001.09",1.7001,158.83100000000005,930.232,95.2783,"2,266.65",268.0061,2.6801,15.0,177.7137,17.3974,"1,626.94","24,392","6,011",83.1485,"2,325.63","1,592.38",602.8122,"1,308.05","5,216.56",,165.9878,"26,989.66",26.9897,375,7.2446,7.6754,7.6648,7.6746,7.6746
122,12-Mar,496.3658,496.3646,293.2484,31.0817,"7,105.42","4,370.23",73.6484,"17,370.80",1.7371,157.6089,930.5967,95.2559,"2,266.65",268.5253,2.6853,15.0,177.72,17.4349,"1,625.71","22,483","6,250",82.911,"2,471.68","1,592.77",604.4087,"1,307.67","5,279.72",,166.715,"27,308.06",27.3065,375,7.2258,7.5984,7.5922,7.5987,7.5987
123,12-Apr,498.3214,498.1972,291.6062,29.5905,"7,074.69","4,381.00",74.0767,"18,054.47",1.8055,157.531,928.9632,95.3229,"2,266.65",268.6576,2.6866,15.0,177.9373,17.5129,"1,627.27","22,275","6,400",83.2226,"2,504.71","1,586.69",605.5002,"1,364.51","5,252.04",,166.6898,"27,681.17",27.6812,375,7.3671,7.8264,7.829,7.8268,7.8259
124,12-May,510.5845,510.5855,293.5039,29.843000000000004,"7,054.62","4,359.74",74.5806,"18,849.34",1.8849,158.3907,929.5898,95.3368,"2,266.65",268.1823,2.6818,15.0,177.72,17.6305,"1,622.68","22,193","6,600",84.26899999999998,"2,479.51","1,584.21",604.8914,"1,399.88","5,203.99",,234.1481,"27,390.97",27.391,375,7.5665,8.1114,8.1267,8.1118,8.1115
125,12-Jun,523.6312,523.6342,293.9449,30.9682,"7,166.04","4,368.32",74.8417,"19,158.49",1.9158,162.0182,934.279,95.3514,"2,266.65",267.2491,2.6725,15.0,177.72,17.7255,"1,622.47","22,392","6,600",84.8537,"2,482.62","1,580.49",603.5988,"1,416.16","5,252.89",,269.7811,"27,806.67",27.8067,375,7.775,8.4079,8.4029,8.4075,8.408
126,12-Jul,532.6779,532.678,296.9492,31.4814,"7,185.69","4,361.45",74.3484,"19,526.29",1.9526,161.4954,929.0335,95.3678,"2,266.65",423.882,4.2733,15.0,177.72,17.8946,"1,625.32","22,348","6,575",84.1919,"2,475.57","1,583.90",607.9531,"1,429.62","4,891.85",,270.9163,"27,825.97",27.826,375,7.7238,8.2511,8.2394,8.2528,8.2536
127,12-Aug,529.953,529.4402,301.127,32.181,"7,107.19","4,358.52",74.1526,"19,458.15",1.9458,158.8965,929.9737,95.3789,"2,266.65",442.8968,4.4289999999999985,15.0,179.15900000000005,17.9445,"1,624.10","22,444","6,500",84.1332,"2,492.85","1,573.38",608.9568,"1,442.02","4,916.05",,270.3866,"28,349.68",28.3497,375,7.7154,8.2708,8.253,8.2689,8.2697
128,12-Sep,510.4894,510.4868,301.9012,33.0418,"7,109.48","4,347.27",73.725,"19,128.06",1.9128,157.569,929.7236,95.3958,"2,266.65",441.6957,4.417,15.0,177.72,18.0035,"1,622.28","22,527","6,125",84.6147,"2,512.31","1,571.32",609.5536,"1,456.53","5,021.23",,281.0509,"28,665.00",28.665,375,7.6715,8.281,8.2786,8.2825,8.2845
129,12-Oct,505.792,505.7893,301.107,33.3893,"7,098.99","4,347.90",73.0016,"18,886.92",1.8887,157.2326,929.5653,95.439,"2,266.65",441.4454,4.4145,15.0,177.7687,18.0896,"1,621.33","22,458","6,160",85.13600000000002,"2,579.85","1,578.33",618.7515,"1,484.32","5,160.76",,300.453,"28,877.10",28.8771,375,7.8421,8.6331,8.6521,8.6323,8.6373
130,12-Nov,511.33,511.3272,298.5441,30.5097,"7,117.80","4,322.48",73.8917,"18,875.32",1.8875,157.4306,931.4165,95.5323,"2,266.65",441.3074,4.4131,15.0,177.8403,18.155,"1,613.90","22,471","6,625",85.5781,"2,615.78","1,596.78",619.1402,"1,497.35","5,195.80",,316.6381,"29,776.00",29.776,375,7.9477,8.7876,8.7973,8.7886,8.7888
131,12-Dec,500.5294,500.5325,298.5097,30.9279,"6,874.87","4,339.97",73.4355,"18,966.96",1.8967,157.2296,930.9352,95.7885,"2,266.65",441.2899,4.4129,15.0,177.8757,18.2294,"1,613.10","22,437","6,475",85.9537,"2,672.75","1,593.59",621.0069,"1,525.48","5,206.54",,326.4639,"29,475.00",29.5056,375,7.8532,8.6461,8.6441,8.6431,8.6426
132,13-Jan,494.0894,494.0932,301.915,32.7547,"7,157.34","4,345.32",73.3474,"19,018.90",1.9019,156.7438,924.2643,95.8238,"2,266.65",441.0208,4.4102,15.0,177.717,18.2849,"1,599.35","21,275","6,625",86.8608,"2,680.84","1,598.47",622.3793,"1,517.68",,5.2833,335.3873,"29,477.10",29.8074,375,7.9144,8.7619,8.7617,8.7619,8.7619
133,13-Feb,490.1014,490.0615,300.0906,33.2366,"7,108.21","4,320.70",74.1246,"19,076.42",1.9076,157.4011,920.8963,95.9481,"2,266.65",441.6318,4.4163,15.0,177.9586,18.3908,"1,597.68","17,695","6,600",87.4727,"2,659.95","1,621.34",629.243,"1,568.84",,5.3367,364.9217,"30,229.11",30.2291,375,8.0108,8.8797,8.8797,8.8797,8.8797
134,13-Mar,505.5708,505.4951,292.236,33.1172,"7,119.97","4,319.32",74.1377,"19,294.01",1.9294,158.3623,929.6699,95.972,"2,266.65",441.4197,4.4142,15.0,177.8014,18.4463,"1,592.93","15,904","6,875",85.7682,"2,637.80","1,621.90",643.5833,"1,553.23",,5.3781,380.0078,"29,915.16",29.9152,375,8.2046,9.1743,9.1743,9.1743,9.1743
135,13-Apr,504.2472,504.2523,277.3776,33.0204,"7,088.51","4,326.07",74.1843,"19,490.11",1.949,158.2239,926.8638,96.0073,"2,266.65",441.224,4.4122,15.0,177.7211,18.53,"1,552.15","17,163","6,950",84.3077,"2,576.38","1,621.70",641.6803,"1,574.20",,5.3609,400.3442,"30,475.00",30.475,375,8.175,9.1136,9.1136,9.1136,9.1136
136,13-May,505.2559,505.193,296.6727,33.5558,"7,073.99","4,316.35",74.5284,"19,867.49",1.9867,158.0557,923.4878,96.0968,"2,266.65",441.5564,4.4155,15.0,177.9668,18.6289,"1,490.92","18,242","6,575",84.0522,"2,587.25","1,629.89",646.4566,"1,573.97",,5.3216,370.2379,"30,069.68",30.0697,375,8.2711,9.2866,9.2866,9.2866,9.2866
137,13-Jun,497.8627,497.8589,298.7397,36.0032,"7,009.07","4,330.27",74.9947,"20,082.38",2.0082,160.2038,927.0786,96.2361,"2,266.65",440.9755,4.4098,15.0,178.3558,18.6969,"1,436.69","18,883","6,600",85.5047,"2,595.74","1,635.16",649.116,"1,558.33",,5.412000000000001,329.579,"29,640.33",29.6703,375,8.5984,10.0248,10.0248,10.0248,10.0248
138,13-Jul,501.7341,501.7608,297.8543,32.9645,"6,974.54","4,330.97",74.8887,"20,491.27",2.0491,161.2605,927.0527,96.3239,"2,266.65",440.7922,4.4079,15.0,179.1123,18.7603,"1,390.38","19,240","6,640",86.8628,"2,589.11","1,622.62",649.6367,"1,547.29",,5.4825,330.0855,"29,886.94",29.8869,375,8.5752,9.9277,9.9277,9.9277,9.9277
139,13-Aug,492.4296,492.5018,300.7269,33.0196,"6,987.71","4,320.68",77.866,"21,143.77",2.1144,160.8541,924.3763,96.1812,"2,266.65",440.6836,4.4068,15.0,179.0432,18.8128,"1,342.53","19,479","6,525",87.4475,"2,577.07","1,617.05",647.5345,"1,536.60",,5.4306,329.6727,"29,811.13",29.8111,375,8.5868,10.0489,10.0489,10.0489,10.0489
140,13-Sep,491.5775,491.4493,292.444,32.6396,"6,958.93","4,329.20",78.6267,"21,679.83",2.168,162.1647,931.7591,96.7063,"2,266.65",440.6843,4.4068,15.0,178.8287,18.8674,"1,283.69","19,853","6,325",87.3783,"2,568.65","1,613.42",656.1725,"1,536.39",,5.3284,335.6154,"29,787.33",29.7873,375,8.5664,9.9974,9.9974,9.9974,9.9974
141,13-Oct,481.1854,481.19,299.7524,32.7168,"6,986.82","4,334.94",80.3387,"21,888.08",2.1888,160.1273,928.4756,97.3094,"2,266.65",441.1569,4.4116,15.0,178.5513,18.9448,"1,243.09","21,000","6,500",85.2933,"2,537.32","1,608.42",671.414,"1,544.74",,5.3099,369.0628,"29,671.45",29.6715,375,8.4835,9.9059,9.9059,9.9059,9.9059
142,13-Nov,486.0419,485.974,299.2755,34.8942,"6,995.50","4,337.63",80.8257,"22,498.22",2.2498,158.8247,927.868,96.7379,"2,266.65",497.5571,4.9756,15.0,178.116,19.0273,"1,224.53","21,035","6,575",86.1095,"2,522.87","1,607.77",673.8347,"1,549.43",,5.5205,387.0956,"29,971.67",29.9717,375,8.6307,10.1925,10.1925,10.1925,10.1925
